timestamp_iso,cpu_energy_j,gpu_power_w,gpu_util_pct
2026-05-06T21:12:53.935039Z,238752.205748,22.814,0
2026-05-06T21:12:54.938833Z,238755.369924,23.674,3
2026-05-06T21:12:55.940382Z,238758.175154,22.841,2
2026-05-06T21:12:56.941869Z,238760.924292,22.526,0
2026-05-06T21:12:57.943209Z,238764.030608,23.038,3
2026-05-06T21:12:58.944700Z,238768.472247,25.966,29
2026-05-06T21:12:59.946218Z,238772.554023,25.471,11
2026-05-06T21:13:00.947397Z,238780.706285,25.567,2
2026-05-06T21:13:01.948913Z,238783.973916,23.51,3
2026-05-06T21:13:02.950454Z,238787.050935,26.748,24
2026-05-06T21:13:03.951422Z,238794.44032,24.381,3
2026-05-06T21:13:04.953152Z,238799.195923,29.349,40
2026-05-06T21:13:05.955072Z,238805.732222,24.379,0
2026-05-06T21:13:06.956579Z,238810.636079,24.837,11
2026-05-06T21:13:07.958052Z,238814.278465,24.2,4
2026-05-06T21:13:08.959553Z,238817.411147,23.039,3
2026-05-06T21:13:09.961096Z,238820.480842,22.937,0
2026-05-06T21:13:10.962650Z,238823.494994,23.175,3
2026-05-06T21:13:11.963410Z,238838.986959,23.623,3
2026-05-06T21:13:12.964864Z,238844.445319,27.038,21
2026-05-06T21:13:13.966250Z,238850.566153,26.745,29
2026-05-06T21:13:14.967409Z,238855.907875,29.023,29
2026-05-06T21:13:15.968912Z,238886.026267,28.626,53
2026-05-06T21:13:16.970180Z,238894.178651,28.691,24
2026-05-06T21:13:17.971407Z,238900.733749,30.86,38
2026-05-06T21:13:18.972920Z,238908.462123,30.893,27
2026-05-06T21:13:19.974221Z,238913.867688,30.273,25
2026-05-06T21:13:20.975008Z,238919.803097,29.104,31
2026-05-06T21:13:21.976499Z,238929.19675,26.151,29
2026-05-06T21:13:22.977723Z,238935.240497,29.082,11
2026-05-06T21:13:23.979070Z,238949.966411,24.402,5
2026-05-06T21:13:24.979426Z,238960.321121,23.976,5
2026-05-06T21:13:25.980682Z,238980.214197,23.971,14
2026-05-06T21:13:26.982225Z,238983.684647,24.013,20
2026-05-06T21:13:27.983463Z,238990.876646,22.806,2
2026-05-06T21:13:28.985008Z,238996.432051,25.035,13
2026-05-06T21:13:29.986545Z,238999.797094,25.057,12
2026-05-06T21:13:30.987450Z,239003.033841,23.835,0
2026-05-06T21:13:31.988861Z,239006.003194,24.637,16
2026-05-06T21:13:32.990321Z,239012.968264,24.011,4
2026-05-06T21:13:33.991468Z,239015.950922,24.283,18
2026-05-06T21:13:34.993010Z,239018.386402,23.21,7
2026-05-06T21:13:35.994549Z,239021.547038,24.227,6
2026-05-06T21:13:36.996084Z,239023.951085,22.798,2
2026-05-06T21:13:37.997622Z,239026.503569,22.724,0
2026-05-06T21:13:38.999152Z,239028.844932,22.629,0
2026-05-06T21:13:40.000823Z,239031.312394,22.413,2
2026-05-06T21:13:41.002296Z,239033.617747,22.717,2
2026-05-06T21:13:42.003428Z,239038.627927,23.289,2
2026-05-06T21:13:43.004708Z,239042.087513,25.09,20
2026-05-06T21:13:44.006099Z,239044.93327,24.096,9
2026-05-06T21:13:45.007671Z,239052.24392,25.838,23
2026-05-06T21:13:46.009226Z,239055.801711,25.138,11
2026-05-06T21:13:47.010766Z,239061.732543,23.087,3
2026-05-06T21:13:48.011491Z,239065.798024,25.638,10
2026-05-06T21:13:49.013046Z,239069.0778,24.274,9
2026-05-06T21:13:50.014609Z,239073.354401,25.618,54
2026-05-06T21:13:51.015477Z,239077.243551,23.364,19
2026-05-06T21:13:52.017024Z,239082.101083,23.68,2
2026-05-06T21:13:53.018508Z,239084.878724,23.753,6
2026-05-06T21:13:54.019397Z,239087.768365,23.114,2
2026-05-06T21:13:55.020879Z,239090.497484,23.55,9
2026-05-06T21:13:56.022396Z,239092.943035,23.14,2
2026-05-06T21:13:57.023366Z,239098.079313,24.433,18
2026-05-06T21:13:58.024550Z,239102.402788,24.714,22
2026-05-06T21:13:59.026022Z,239105.210459,23.727,6
2026-05-06T21:14:00.027411Z,239108.307742,23.954,17
2026-05-06T21:14:01.028926Z,239114.442186,24.085,2
2026-05-06T21:14:02.030464Z,239117.273051,24.42,9
2026-05-06T21:14:03.031491Z,239122.936,22.995,0
2026-05-06T21:14:04.033022Z,239128.936473,23.198,3
2026-05-06T21:14:05.034501Z,239132.295961,22.883,2
2026-05-06T21:14:06.035552Z,239134.510494,22.796,0
2026-05-06T21:14:07.037211Z,239137.215871,22.755,0
2026-05-06T21:14:08.038923Z,239139.839582,22.838,0
2026-05-06T21:14:09.040670Z,239142.545325,22.61,2
2026-05-06T21:14:10.042022Z,239144.964691,22.667,2
2026-05-06T21:14:11.043478Z,239147.599572,22.685,2
2026-05-06T21:14:12.045021Z,239149.889605,22.813,0
2026-05-06T21:14:13.046554Z,239152.574413,22.757,0
2026-05-06T21:14:14.047442Z,239156.257692,22.982,1
2026-05-06T21:14:15.048556Z,239159.237054,25.038,13
2026-05-06T21:14:16.050122Z,239162.02904,23.948,8
2026-05-06T21:14:17.051477Z,239165.824562,24.144,1
2026-05-06T21:14:18.053031Z,239168.442353,23.215,4
2026-05-06T21:14:19.054571Z,239171.369287,22.684,2
2026-05-06T21:14:20.055368Z,239174.01198,22.843,3
2026-05-06T21:14:21.056056Z,239178.116034,23.155,8
2026-05-06T21:14:22.057301Z,239180.543274,22.719,0
2026-05-06T21:14:23.058846Z,239183.111688,22.841,0
2026-05-06T21:14:24.059385Z,239186.61644,23.059,0
2026-05-06T21:14:25.060812Z,239189.472817,22.933,3
2026-05-06T21:14:26.062331Z,239192.073457,22.758,3
2026-05-06T21:14:27.063409Z,239194.920008,22.742,2
2026-05-06T21:14:28.064905Z,239201.18525,22.666,1
2026-05-06T21:14:29.066104Z,239209.007008,22.851,0
2026-05-06T21:14:30.067550Z,239217.159392,26.208,19
2026-05-06T21:14:31.069115Z,239220.030905,23.743,2
2026-05-06T21:14:32.070661Z,239222.398453,22.451,2
2026-05-06T21:14:33.072157Z,239225.261971,22.665,2
2026-05-06T21:14:34.073684Z,239228.812743,23.911,1
2026-05-06T21:14:35.075241Z,239231.770987,23.872,8
2026-05-06T21:14:36.076813Z,239234.359177,23.562,7
2026-05-06T21:14:37.078370Z,239237.371925,23.284,1
2026-05-06T21:14:38.079457Z,239241.674771,24.161,5
2026-05-06T21:14:39.081015Z,239244.470235,24.318,6
2026-05-06T21:14:40.082477Z,239249.408149,23.631,2
2026-05-06T21:14:41.083842Z,239254.055965,25.513,49
2026-05-06T21:14:42.085402Z,239257.90886,24.627,2
2026-05-06T21:14:43.086952Z,239261.893408,23.936,1
2026-05-06T21:14:44.088526Z,239265.382718,24.817,2
2026-05-06T21:14:45.090081Z,239268.427205,23.413,9
2026-05-06T21:14:46.091475Z,239270.8459,23.522,6
2026-05-06T21:14:47.093011Z,239274.40131,23.159,0
2026-05-06T21:14:48.094483Z,239277.339963,25.358,4
2026-05-06T21:14:49.096039Z,239280.79082,24.004,0
2026-05-06T21:14:50.097595Z,239284.823708,24.377,4
2026-05-06T21:14:51.099154Z,239288.434905,23.449,2
2026-05-06T21:14:52.100661Z,239293.851517,25.25,8
2026-05-06T21:14:53.102182Z,239297.575445,29.147,12
2026-05-06T21:14:54.103730Z,239302.710686,26.052,5
2026-05-06T21:14:55.105288Z,239305.395189,23.671,0
2026-05-06T21:14:56.106818Z,239309.284034,22.956,0
2026-05-06T21:14:57.107478Z,239313.400722,23.955,0
2026-05-06T21:14:58.109074Z,239320.423409,27.148,13
2026-05-06T21:14:59.110587Z,239324.332091,26.195,7
2026-05-06T21:15:00.111495Z,239327.88445,24.765,9
2026-05-06T21:15:01.113078Z,239332.695656,25.398,11
2026-05-06T21:15:02.114397Z,239336.393278,25.319,49
2026-05-06T21:15:03.115467Z,239341.489884,27.71,24
2026-05-06T21:15:04.117025Z,239349.522395,26.388,5
2026-05-06T21:15:05.118577Z,239355.459025,27.111,27
2026-05-06T21:15:06.119901Z,239364.56209,27.013,11
2026-05-06T21:15:07.120411Z,239367.774546,27.419,22
2026-05-06T21:15:08.121762Z,239372.224302,25.688,26
2026-05-06T21:15:09.122708Z,239378.581342,23.949,0
2026-05-06T21:15:10.123481Z,239382.51169,25.813,19
2026-05-06T21:15:11.125032Z,239386.899619,23.136,3
2026-05-06T21:15:12.126582Z,239390.081556,23.319,3
2026-05-06T21:15:13.128066Z,239397.41424,24.832,16
2026-05-06T21:15:14.129284Z,239408.267667,25.349,19
2026-05-06T21:15:15.130726Z,239416.320198,26.625,12
2026-05-06T21:15:16.131474Z,239425.296981,27.276,18
2026-05-06T21:15:17.133013Z,239430.922272,26.104,6
2026-05-06T21:15:18.134493Z,239435.078756,25.958,28
2026-05-06T21:15:19.135434Z,239439.831978,24.806,6
2026-05-06T21:15:20.136629Z,239444.954829,25.103,6
2026-05-06T21:15:21.137826Z,239452.109352,28.358,40
2026-05-06T21:15:22.139300Z,239470.644155,27.103,13
2026-05-06T21:15:23.140583Z,239487.072397,25.476,12
2026-05-06T21:15:24.142074Z,239490.286378,23.277,2
2026-05-06T21:15:25.143438Z,239493.368951,24.957,2
2026-05-06T21:15:26.144598Z,239496.755539,25.439,14
2026-05-06T21:15:27.146145Z,239504.150722,26.878,31
2026-05-06T21:15:28.147482Z,239507.41933,25.04,3
2026-05-06T21:15:29.149018Z,239509.823681,23.613,0
2026-05-06T21:15:30.150525Z,239513.026371,24.571,21
2026-05-06T21:15:31.151965Z,239519.648791,24.728,20
2026-05-06T21:15:32.153450Z,239522.603312,23.136,2
2026-05-06T21:15:33.154864Z,239525.744234,24.981,12
2026-05-06T21:15:34.155388Z,239528.590662,24.675,0
2026-05-06T21:15:35.156803Z,239531.285846,24.619,18
2026-05-06T21:15:36.157817Z,239533.958568,22.971,0
2026-05-06T21:15:37.159244Z,239537.549257,24.391,18
2026-05-06T21:15:38.160428Z,239540.697504,24.672,22
2026-05-06T21:15:39.161800Z,239543.7343,24.331,20
2026-05-06T21:15:40.163334Z,239577.303123,23.886,17
2026-05-06T21:15:41.164705Z,239616.253707,29.751,35
2026-05-06T21:15:42.165921Z,239649.623311,27.621,2
2026-05-06T21:15:43.167134Z,239682.313474,41.077,2
2026-05-06T21:15:44.168207Z,239716.909333,136.044,11
2026-05-06T21:15:45.169386Z,239749.825386,271.614,93
2026-05-06T21:15:46.170509Z,239784.226238,272.716,92
2026-05-06T21:15:47.171602Z,239819.360426,273.439,93
2026-05-06T21:15:48.172890Z,239853.073108,266.875,40
2026-05-06T21:15:49.174118Z,239886.571252,274.842,93
2026-05-06T21:15:50.175360Z,239918.686526,273.979,92
2026-05-06T21:15:51.176608Z,239954.105564,270.136,93
2026-05-06T21:15:52.177857Z,239987.446299,266.753,93
2026-05-06T21:15:53.179094Z,240020.798692,274.288,93
2026-05-06T21:15:54.180332Z,240054.698141,274.373,93
2026-05-06T21:15:55.181566Z,240089.931266,266.314,93
2026-05-06T21:15:56.182890Z,240122.356354,235.659,42
2026-05-06T21:15:57.183432Z,240155.966559,194.663,93
2026-05-06T21:15:58.184662Z,240189.772197,274.24,93
2026-05-06T21:15:59.185876Z,240222.57027,274.962,93
2026-05-06T21:16:00.187114Z,240258.315112,266.789,93
2026-05-06T21:16:01.187435Z,240292.455101,270.674,93
2026-05-06T21:16:02.188680Z,240325.939695,274.922,93
2026-05-06T21:16:03.189918Z,240358.617407,275.723,93
2026-05-06T21:16:04.191096Z,240394.085822,278.035,93
2026-05-06T21:16:05.191425Z,240425.511523,273.253,93
2026-05-06T21:16:06.192662Z,240458.866906,279.84,93
2026-05-06T21:16:07.193895Z,240491.397646,280.353,93
2026-05-06T21:16:08.195125Z,240528.712553,274.418,93
2026-05-06T21:16:09.196365Z,240557.690384,191.77,39
2026-05-06T21:16:10.197601Z,240592.353991,235.372,93
2026-05-06T21:16:11.198845Z,240625.754479,279.895,93
2026-05-06T21:16:12.200092Z,240660.118466,280.6,93
2026-05-06T21:16:13.201335Z,240695.73367,274.32,93
2026-05-06T21:16:14.202510Z,240729.637514,270.506,93
2026-05-06T21:16:15.203435Z,240764.324498,280.041,93
2026-05-06T21:16:16.204670Z,240798.061106,279.549,93
2026-05-06T21:16:17.205903Z,240832.719892,269.084,94
2026-05-06T21:16:18.207150Z,240865.500326,278.461,93
2026-05-06T21:16:19.207436Z,240897.691222,279.151,93
2026-05-06T21:16:20.208669Z,240929.841042,276.284,93
2026-05-06T21:16:21.209933Z,240965.158945,278.431,28
2026-05-06T21:16:22.211306Z,240997.681994,167.897,12
2026-05-06T21:16:23.212544Z,241032.578572,262.863,93
2026-05-06T21:16:24.213787Z,241066.485224,278.912,93
2026-05-06T21:16:25.215026Z,241099.527559,278.717,93
2026-05-06T21:16:26.216262Z,241135.219545,268.125,89
2026-05-06T21:16:27.217513Z,241169.891392,277.695,93
2026-05-06T21:16:28.218761Z,241204.462959,278.489,93
2026-05-06T21:16:29.219367Z,241238.937297,278.819,93
2026-05-06T21:16:30.220601Z,241274.310131,268.216,45
2026-05-06T21:16:31.221836Z,241308.281663,277.7,93
2026-05-06T21:16:32.223074Z,241342.979938,277.438,93
2026-05-06T21:16:33.223435Z,241377.902029,278.027,93
2026-05-06T21:16:34.224674Z,241412.701073,274.06,91
2026-05-06T21:16:35.225933Z,241444.707339,161.433,0
2026-05-06T21:16:36.227177Z,241478.786414,278.257,93
2026-05-06T21:16:37.227418Z,241513.700693,278.09,93
2026-05-06T21:16:38.228599Z,241548.4893,278.437,93
2026-05-06T21:16:39.229898Z,241585.360299,266.373,28
2026-05-06T21:16:40.231103Z,241620.845743,278.309,93
2026-05-06T21:16:41.231370Z,241654.878615,278.322,93
2026-05-06T21:16:42.231561Z,241690.06572,278.18,93
2026-05-06T21:16:43.232748Z,241725.31801,266.942,91
2026-05-06T21:16:44.233989Z,241759.54656,278.645,93
2026-05-06T21:16:45.235229Z,241793.457301,279.015,93
2026-05-06T21:16:46.236455Z,241827.057862,279.011,93
2026-05-06T21:16:47.237687Z,241861.887606,276.309,69
2026-05-06T21:16:48.238828Z,241895.057565,167.263,0
2026-05-06T21:16:49.239415Z,241928.251084,276.499,93
2026-05-06T21:16:50.240556Z,241962.322957,277.246,93
2026-05-06T21:16:51.241675Z,241996.651238,277.08,91
2026-05-06T21:16:52.242832Z,242031.967798,264.887,91
2026-05-06T21:16:53.243997Z,242065.512451,277.075,93
2026-05-06T21:16:54.245122Z,242099.604283,277.787,93
2026-05-06T21:16:55.246280Z,242134.404182,278.347,93
2026-05-06T21:16:56.247421Z,242168.24992,266.583,53
2026-05-06T21:16:57.248592Z,242202.116228,278.63,93
2026-05-06T21:16:58.249769Z,242237.204517,278.809,93
2026-05-06T21:16:59.250894Z,242271.377281,279.017,93
2026-05-06T21:17:00.251413Z,242306.13183,269.038,21
2026-05-06T21:17:01.252625Z,242338.706515,160.227,0
2026-05-06T21:17:02.253802Z,242373.47315,278.111,93
2026-05-06T21:17:03.255052Z,242407.669229,278.043,93
2026-05-06T21:17:04.255425Z,242444.320014,278.084,93
2026-05-06T21:17:05.256682Z,242479.134928,263.67,91
2026-05-06T21:17:06.257915Z,242513.120619,278.152,93
2026-05-06T21:17:07.259134Z,242547.229541,278.159,92
2026-05-06T21:17:08.259366Z,242583.234576,279.597,93
2026-05-06T21:17:09.259613Z,242617.303641,266.571,14
2026-05-06T21:17:10.260792Z,242651.278347,278.853,93
2026-05-06T21:17:11.261960Z,242685.618896,278.845,93
2026-05-06T21:17:12.263098Z,242722.412747,279.085,93
2026-05-06T21:17:13.264258Z,242755.955508,260.249,89
2026-05-06T21:17:14.265416Z,242790.354895,158.04,0
2026-05-06T21:17:15.266562Z,242824.616282,277.527,93
2026-05-06T21:17:16.267728Z,242859.540387,278.227,93
2026-05-06T21:17:17.268849Z,242895.807079,277.784,93
2026-05-06T21:17:18.269960Z,242931.029034,264.219,14
2026-05-06T21:17:19.271072Z,242965.689407,278.441,93
2026-05-06T21:17:20.271404Z,243000.709154,278.755,93
2026-05-06T21:17:21.272528Z,243037.3553,279.025,93
2026-05-06T21:17:22.273689Z,243072.825241,265.822,89
2026-05-06T21:17:23.274881Z,243107.349628,278.995,93
2026-05-06T21:17:24.275358Z,243142.191702,278.684,93
2026-05-06T21:17:25.276475Z,243178.149007,267.362,93
2026-05-06T21:17:26.277681Z,243209.929627,247.626,91
2026-05-06T21:17:27.278869Z,243244.409946,161.361,3
2026-05-06T21:17:28.280037Z,243279.734502,277.381,93
2026-05-06T21:17:29.281162Z,243314.902319,277.671,93
2026-05-06T21:17:30.282324Z,243351.121404,277.818,93
2026-05-06T21:17:31.283416Z,243385.675637,265.181,39
2026-05-06T21:17:32.284554Z,243420.718943,278.121,93
2026-05-06T21:17:33.285708Z,243455.608746,278.309,93
2026-05-06T21:17:34.286878Z,243492.627267,273.357,93
2026-05-06T21:17:35.287406Z,243526.756941,262.51,93
2026-05-06T21:17:36.288532Z,243561.664871,277.562,93
2026-05-06T21:17:37.289650Z,243599.464396,278.037,93
2026-05-06T21:17:38.290808Z,243637.917484,260.354,93
2026-05-06T21:17:39.291406Z,243670.285015,243.101,79
2026-05-06T21:17:40.292536Z,243703.920794,171.849,10
2026-05-06T21:17:41.293701Z,243739.307727,277.056,93
2026-05-06T21:17:42.294867Z,243775.528032,278.191,93
2026-05-06T21:17:43.295406Z,243812.789717,279.184,93
2026-05-06T21:17:44.296534Z,243848.732374,263.704,78
2026-05-06T21:17:45.297690Z,243883.264634,278.424,93
2026-05-06T21:17:46.298816Z,243918.232013,279.178,93
2026-05-06T21:17:47.299361Z,243955.47795,269.183,93
2026-05-06T21:17:48.300527Z,243991.026382,263.182,93
2026-05-06T21:17:49.301695Z,244026.176011,278.418,93
2026-05-06T21:17:50.302815Z,244062.271744,278.681,93
2026-05-06T21:17:51.303359Z,244101.074074,265.532,93
2026-05-06T21:17:52.304540Z,244134.708387,242.422,45
2026-05-06T21:17:53.305588Z,244168.536059,167.557,9
2026-05-06T21:17:54.306755Z,244202.583274,285.302,94
2026-05-06T21:17:55.307362Z,244237.164729,285.439,94
2026-05-06T21:17:56.308508Z,244271.306121,284.553,94
2026-05-06T21:17:57.309660Z,244305.443179,285.438,94
2026-05-06T21:17:58.310791Z,244340.303259,285.528,94
2026-05-06T21:17:59.311360Z,244375.490852,285.759,35
2026-05-06T21:18:00.312540Z,244409.791789,272.959,94
2026-05-06T21:18:01.313701Z,244443.593766,285.686,94
2026-05-06T21:18:02.314861Z,244478.333179,284.942,94
2026-05-06T21:18:03.315359Z,244511.909265,284.745,94
2026-05-06T21:18:04.316515Z,244546.9649,285.091,94
2026-05-06T21:18:05.317680Z,244580.791779,285.652,94
2026-05-06T21:18:06.318841Z,244616.227906,285.549,92
2026-05-06T21:18:07.319360Z,244650.228308,285.988,94
2026-05-06T21:18:08.320540Z,244684.639047,286.864,93
2026-05-06T21:18:09.321665Z,244719.125775,286.349,94
2026-05-06T21:18:10.322782Z,244753.883133,286.208,94
2026-05-06T21:18:11.323363Z,244788.654894,286.093,94
2026-05-06T21:18:12.324528Z,244823.517232,286.247,93
2026-05-06T21:18:13.325661Z,244858.216362,279.382,92
2026-05-06T21:18:14.326783Z,244895.035603,292.376,18
2026-05-06T21:18:15.327364Z,244928.359309,160.223,94
2026-05-06T21:18:16.328534Z,244963.006438,285.853,93
2026-05-06T21:18:17.329693Z,244998.125854,286.14,93
2026-05-06T21:18:18.330870Z,245033.369295,285.971,94
2026-05-06T21:18:19.331426Z,245067.965214,285.719,94
2026-05-06T21:18:20.332560Z,245104.053928,284.898,93
2026-05-06T21:18:21.333769Z,245139.172857,269.35,29
2026-05-06T21:18:22.334965Z,245175.729404,286.264,94
2026-05-06T21:18:23.336133Z,245210.873235,286.206,94
2026-05-06T21:18:24.337297Z,245246.597447,285.42,93
2026-05-06T21:18:25.338460Z,245281.180611,285.362,94
2026-05-06T21:18:26.339589Z,245316.584634,285.666,94
2026-05-06T21:18:27.340708Z,245352.108713,285.832,93
2026-05-06T21:18:28.341825Z,245388.912147,272.532,66
2026-05-06T21:18:29.342954Z,245424.123055,294.135,94
2026-05-06T21:18:30.343423Z,245459.398905,285.593,94
2026-05-06T21:18:31.344595Z,245494.187451,285.381,94
2026-05-06T21:18:32.345766Z,245529.024031,286.246,94
2026-05-06T21:18:33.346928Z,245563.546282,285.306,94
2026-05-06T21:18:34.348108Z,245598.237355,285.314,94
2026-05-06T21:18:35.349272Z,245632.182947,266.97,89
2026-05-06T21:18:36.350442Z,245670.721423,324.71,91
2026-05-06T21:18:37.351426Z,245701.151765,183.018,0
2026-05-06T21:18:38.352679Z,245735.649784,243.521,94
2026-05-06T21:18:39.353854Z,245770.7255,285.81,94
2026-05-06T21:18:40.355022Z,245806.495428,286.161,94
2026-05-06T21:18:41.356202Z,245842.057776,285.356,94
2026-05-06T21:18:42.357377Z,245878.234685,285.186,94
2026-05-06T21:18:43.358550Z,245913.938573,285.444,93
2026-05-06T21:18:44.359413Z,245950.656863,292.082,38
2026-05-06T21:18:45.360583Z,245985.447179,272.264,94
2026-05-06T21:18:46.361752Z,246021.046209,285.88,94
2026-05-06T21:18:47.362916Z,246055.95884,285.527,94
2026-05-06T21:18:48.363361Z,246090.664439,285.974,94
2026-05-06T21:18:49.364558Z,246125.230086,286.54,94
2026-05-06T21:18:50.365685Z,246160.071305,286.804,94
2026-05-06T21:18:51.366855Z,246196.576217,284.972,29
2026-05-06T21:18:52.367366Z,246232.11647,273.133,93
2026-05-06T21:18:53.368534Z,246267.578354,286.5,93
2026-05-06T21:18:54.369709Z,246302.612749,286.69,93
2026-05-06T21:18:55.370927Z,246337.957691,286.135,94
2026-05-06T21:18:56.372115Z,246372.837362,286.32,94
2026-05-06T21:18:57.373290Z,246406.963923,284.16,94
2026-05-06T21:18:58.374437Z,246443.846397,288.117,44
2026-05-06T21:18:59.375398Z,246480.208425,282.924,0
2026-05-06T21:19:00.376580Z,246513.266446,164.231,94
2026-05-06T21:19:01.377743Z,246548.350524,284.653,94
2026-05-06T21:19:02.378888Z,246582.716341,285.297,93
2026-05-06T21:19:03.379411Z,246617.773075,284.975,94
2026-05-06T21:19:04.380579Z,246653.319188,285.397,94
2026-05-06T21:19:05.381743Z,246688.392646,285.313,94
2026-05-06T21:19:06.382867Z,246722.65568,273.97,38
2026-05-06T21:19:07.384046Z,246759.000192,280.513,93
2026-05-06T21:19:08.385175Z,246793.214155,284.693,94
2026-05-06T21:19:09.386329Z,246828.752149,285.508,94
2026-05-06T21:19:10.387428Z,246863.215867,285.436,94
2026-05-06T21:19:11.388552Z,246898.12923,284.85,94
2026-05-06T21:19:12.389670Z,246932.527091,285.694,94
2026-05-06T21:19:13.390786Z,246968.523642,269.679,32
2026-05-06T21:19:14.391406Z,247005.543018,288.169,94
2026-05-06T21:19:15.392576Z,247041.420184,286.726,94
2026-05-06T21:19:16.393741Z,247077.036609,286.463,94
2026-05-06T21:19:17.394871Z,247112.450947,286.186,94
2026-05-06T21:19:18.395415Z,247147.971913,286.683,94
2026-05-06T21:19:19.396590Z,247183.592245,285.984,94
2026-05-06T21:19:20.397758Z,247217.23315,260.842,17
2026-05-06T21:19:21.398932Z,247257.146622,300.902,32
2026-05-06T21:19:22.400101Z,247292.491746,191.717,0
2026-05-06T21:19:23.401257Z,247328.213517,231.101,94
2026-05-06T21:19:24.402414Z,247362.124869,285.676,94
2026-05-06T21:19:25.403422Z,247397.892477,286.862,94
2026-05-06T21:19:26.404586Z,247432.655999,286.85,94
2026-05-06T21:19:27.405762Z,247467.594325,285.777,94
2026-05-06T21:19:28.406959Z,247503.112301,285.867,94
2026-05-06T21:19:29.408170Z,247540.757163,297.416,95
2026-05-06T21:19:30.409459Z,247575.865288,277.451,94
2026-05-06T21:19:31.410631Z,247611.214441,285.277,94
2026-05-06T21:19:32.411804Z,247646.321101,285.345,94
2026-05-06T21:19:33.412974Z,247681.473538,285.294,94
2026-05-06T21:19:34.414154Z,247716.52423,285.831,94
2026-05-06T21:19:35.415316Z,247752.467741,285.876,94
2026-05-06T21:19:36.416488Z,247790.217095,296.577,73
2026-05-06T21:19:37.417609Z,247824.961269,273.473,94
2026-05-06T21:19:38.418720Z,247859.810179,286.537,94
2026-05-06T21:19:39.419403Z,247894.884796,286.775,94
2026-05-06T21:19:40.420577Z,247930.216127,286.883,94
2026-05-06T21:19:41.421719Z,247965.954377,286.67,94
2026-05-06T21:19:42.422845Z,248001.916444,286.507,94
2026-05-06T21:19:43.423360Z,248039.529201,288.942,45
2026-05-06T21:19:44.424542Z,248077.641469,306.831,63
2026-05-06T21:19:45.425204Z,248112.243432,141.44,94
2026-05-06T21:19:46.426353Z,248147.650812,285.624,94
2026-05-06T21:19:47.427362Z,248183.589135,286.144,94
2026-05-06T21:19:48.428523Z,248219.414971,286.349,94
2026-05-06T21:19:49.429652Z,248255.764182,286.235,94
2026-05-06T21:19:50.430790Z,248292.202505,285.731,94
2026-05-06T21:19:51.431423Z,248327.989705,284.921,95
2026-05-06T21:19:52.432644Z,248366.292525,279.82,94
2026-05-06T21:19:53.433809Z,248401.393998,285.455,93
2026-05-06T21:19:54.434972Z,248436.371996,285.708,94
2026-05-06T21:19:55.436138Z,248471.450764,285.734,94
2026-05-06T21:19:56.437262Z,248506.337699,285.539,94
2026-05-06T21:19:57.438374Z,248542.480489,285.35,94
2026-05-06T21:19:58.439552Z,248577.40844,286.385,94
2026-05-06T21:19:59.440711Z,248615.976456,280.868,94
2026-05-06T21:20:00.441866Z,248650.901049,286.072,93
2026-05-06T21:20:01.442993Z,248685.481466,285.041,94
2026-05-06T21:20:02.443359Z,248721.096304,286.982,94
2026-05-06T21:20:03.444509Z,248757.407613,286.554,94
2026-05-06T21:20:04.445672Z,248794.688828,286.153,92
2026-05-06T21:20:05.446845Z,248829.441425,285.068,89
2026-05-06T21:20:06.447363Z,248868.588053,303.26,96
2026-05-06T21:20:07.448552Z,248905.266426,227.433,0
2026-05-06T21:20:08.449752Z,248937.084826,187.259,94
2026-05-06T21:20:09.450914Z,248973.57631,285.485,94
2026-05-06T21:20:10.452077Z,249009.033494,286.122,93
2026-05-06T21:20:11.453197Z,249044.883988,285.76,94
2026-05-06T21:20:12.454382Z,249080.164721,286.092,94
2026-05-06T21:20:13.455403Z,249115.78023,286.102,94
2026-05-06T21:20:14.456529Z,249152.810165,276.049,93
2026-05-06T21:20:15.457682Z,249188.417373,294.827,94
2026-05-06T21:20:16.458872Z,249224.559371,285.47,94
2026-05-06T21:20:17.459363Z,249261.340221,285.257,93
2026-05-06T21:20:18.460500Z,249297.875894,285.257,94
2026-05-06T21:20:19.461645Z,249334.175423,285.128,94
2026-05-06T21:20:20.462758Z,249370.276893,285.101,94
2026-05-06T21:20:21.463930Z,249408.373719,279.355,95
2026-05-06T21:20:22.465061Z,249445.20645,294.967,94
2026-05-06T21:20:23.466228Z,249484.265127,285.547,94
2026-05-06T21:20:24.467359Z,249519.437949,287.788,94
2026-05-06T21:20:25.468504Z,249555.52178,287.221,93
2026-05-06T21:20:26.469619Z,249591.490804,287.278,94
2026-05-06T21:20:27.470782Z,249627.639088,286.794,94
2026-05-06T21:20:28.471950Z,249664.377398,277.344,95
2026-05-06T21:20:29.473119Z,249705.870944,319.29,90
2026-05-06T21:20:30.474260Z,249738.09309,172.386,18
2026-05-06T21:20:31.475416Z,249774.834756,253.722,94
2026-05-06T21:20:32.476553Z,249811.776984,285.564,94
2026-05-06T21:20:33.477681Z,249848.625766,285.64,94
2026-05-06T21:20:34.478809Z,249884.919924,286.142,94
2026-05-06T21:20:35.479401Z,249921.781341,286.071,95
2026-05-06T21:20:36.480568Z,249958.117368,285.83,94
2026-05-06T21:20:37.481744Z,249998.41298,278.552,11
2026-05-06T21:20:38.482918Z,250034.415025,268.222,94
2026-05-06T21:20:39.483400Z,250070.688003,284.847,94
2026-05-06T21:20:40.484567Z,250106.620833,285.283,94
2026-05-06T21:20:41.485730Z,250143.194287,285.688,94
2026-05-06T21:20:42.486897Z,250179.885966,285.207,94
2026-05-06T21:20:43.488064Z,250216.450142,285.258,94
2026-05-06T21:20:44.489240Z,250255.44345,279.5,36
2026-05-06T21:20:45.490410Z,250292.504696,276.694,94
2026-05-06T21:20:46.491361Z,250328.863734,286.616,94
2026-05-06T21:20:47.492543Z,250366.269888,285.961,94
2026-05-06T21:20:48.493708Z,250403.237506,286.383,94
2026-05-06T21:20:49.494898Z,250441.193707,285.54,94
2026-05-06T21:20:50.496071Z,250477.601451,285.674,94
2026-05-06T21:20:51.497201Z,250517.458038,276.952,47
2026-05-06T21:20:52.498366Z,250554.461728,294.168,0
2026-05-06T21:20:53.499633Z,250589.215789,142.464,93
2026-05-06T21:20:54.500798Z,250624.762329,284.924,94
2026-05-06T21:20:55.501921Z,250660.989714,285.803,94
2026-05-06T21:20:56.503101Z,250696.15149,285.789,94
2026-05-06T21:20:57.504277Z,250732.537444,284.748,94
2026-05-06T21:20:58.505448Z,250767.455506,284.978,94
2026-05-06T21:20:59.506627Z,250804.211211,283.842,94
2026-05-06T21:21:00.507791Z,250842.502739,276.986,94
2026-05-06T21:21:01.508960Z,250879.021139,285.247,94
2026-05-06T21:21:02.510136Z,250915.111561,285.371,94
2026-05-06T21:21:03.511305Z,250951.437518,285.626,94
2026-05-06T21:21:04.512508Z,250988.84886,285.633,93
2026-05-06T21:21:05.513684Z,251024.796278,285.239,94
2026-05-06T21:21:06.514851Z,251062.374978,282.249,71
2026-05-06T21:21:07.516028Z,251100.846376,276.747,94
2026-05-06T21:21:08.517163Z,251137.559783,285.687,94
2026-05-06T21:21:09.518324Z,251174.798641,285.977,94
2026-05-06T21:21:10.519416Z,251211.734703,286.091,94
2026-05-06T21:21:11.520590Z,251255.463168,278.028,92
2026-05-06T21:21:12.521759Z,251297.333422,280.757,92
2026-05-06T21:21:13.522888Z,251341.00427,281.589,95
2026-05-06T21:21:14.523364Z,251385.195807,298.203,95
2026-05-06T21:21:15.524488Z,251424.967312,243.347,0
2026-05-06T21:21:16.525682Z,251461.688531,176.065,94
2026-05-06T21:21:17.526866Z,251498.662375,285.811,94
2026-05-06T21:21:18.527362Z,251535.823473,286.498,94
2026-05-06T21:21:19.528550Z,251578.697204,281.227,93
2026-05-06T21:21:20.529723Z,251618.920123,278.157,92
2026-05-06T21:21:21.530881Z,251657.913554,284.324,94
2026-05-06T21:21:22.532064Z,251697.260926,279.782,61
2026-05-06T21:21:23.533191Z,251738.615862,274.379,93
2026-05-06T21:21:24.534321Z,251776.400433,283.57,94
2026-05-06T21:21:25.535360Z,251814.434454,285.928,94
2026-05-06T21:21:26.536475Z,251850.930089,286.122,94
2026-05-06T21:21:27.537597Z,251890.103938,284.227,94
2026-05-06T21:21:28.538710Z,251935.393251,281.009,93
2026-05-06T21:21:29.539363Z,251981.836614,270.633,94
2026-05-06T21:21:30.540510Z,252020.165434,272.559,94
2026-05-06T21:21:31.541673Z,252062.199018,280.935,92
2026-05-06T21:21:32.542822Z,252100.053596,285.596,94
2026-05-06T21:21:33.543947Z,252137.396701,287.277,94
2026-05-06T21:21:34.545073Z,252175.23065,287.542,94
2026-05-06T21:21:35.546252Z,252214.836628,286.03,93
2026-05-06T21:21:36.547423Z,252253.077863,285.938,94
2026-05-06T21:21:37.548597Z,252294.144957,278.732,93
2026-05-06T21:21:38.549731Z,252332.536278,286.351,0
2026-05-06T21:21:39.550884Z,252370.035083,150.196,94
2026-05-06T21:21:40.551359Z,252407.552809,282.084,94
2026-05-06T21:21:41.552490Z,252444.96995,282.248,94
2026-05-06T21:21:42.553650Z,252483.116764,283.058,94
2026-05-06T21:21:43.554779Z,252520.780974,283.156,93
2026-05-06T21:21:44.555362Z,252558.098688,283.316,94
2026-05-06T21:21:45.556523Z,252595.633504,281.958,93
2026-05-06T21:21:46.557653Z,252635.178081,275.03,40
2026-05-06T21:21:47.558787Z,252674.878541,261.88,92
2026-05-06T21:21:48.559959Z,252712.378018,282.464,94
2026-05-06T21:21:49.561085Z,252751.403552,282.025,94
2026-05-06T21:21:50.562250Z,252788.256302,282.132,93
2026-05-06T21:21:51.563421Z,252828.041906,277.851,93
2026-05-06T21:21:52.564588Z,252868.748284,278.474,93
2026-05-06T21:21:53.565718Z,252909.069531,274.178,52
2026-05-06T21:21:54.566887Z,252947.551122,264.116,94
2026-05-06T21:21:55.568061Z,252985.512816,282.197,94
2026-05-06T21:21:56.569231Z,253023.540917,281.876,93
2026-05-06T21:21:57.570395Z,253061.133533,282.21,94
2026-05-06T21:21:58.571360Z,253098.749648,281.711,93
2026-05-06T21:21:59.572506Z,253137.811133,280.984,93
2026-05-06T21:22:00.573631Z,253175.064943,280.511,93
2026-05-06T21:22:01.574767Z,253215.637166,272.117,52
2026-05-06T21:22:02.575945Z,253252.947129,285.218,73
2026-05-06T21:22:03.577160Z,253297.432672,120.614,59
2026-05-06T21:22:04.578301Z,253340.654485,266.097,92
2026-05-06T21:22:05.579467Z,253390.710998,271.573,93
2026-05-06T21:22:06.580611Z,253438.647704,269.84,93
2026-05-06T21:22:07.581752Z,253487.519161,271.155,93
2026-05-06T21:22:08.582916Z,253533.212525,267.84,92
2026-05-06T21:22:09.583421Z,253580.496218,269.257,93
2026-05-06T21:22:10.584578Z,253626.750372,269.393,92
2026-05-06T21:22:11.585759Z,253677.268431,249.182,43
2026-05-06T21:22:12.586983Z,253726.325373,258.685,91
2026-05-06T21:22:13.587405Z,253769.768133,270.356,93
2026-05-06T21:22:14.588552Z,253822.483513,266.817,92
2026-05-06T21:22:15.589694Z,253876.903296,264.779,92
2026-05-06T21:22:16.590826Z,253924.196571,268.793,93
2026-05-06T21:22:17.591367Z,253972.956883,268.647,93
2026-05-06T21:22:18.592550Z,254025.930136,266.847,91
2026-05-06T21:22:19.593677Z,254075.575089,271.569,78
2026-05-06T21:22:20.594795Z,254115.574254,259.95,94
2026-05-06T21:22:21.595360Z,254162.324623,270.686,93
2026-05-06T21:22:22.596540Z,254200.64734,276.35,94
2026-05-06T21:22:23.597674Z,254242.324723,278.24,93
2026-05-06T21:22:24.598837Z,254282.037634,277.4,94
2026-05-06T21:22:25.599363Z,254322.008785,281.102,95
2026-05-06T21:22:26.600507Z,254361.040728,277.657,94
2026-05-06T21:22:27.601637Z,254404.891263,272.656,94
2026-05-06T21:22:28.602791Z,254443.078726,247.593,19
2026-05-06T21:22:29.603428Z,254481.253921,161.47,94
2026-05-06T21:22:30.604567Z,254518.894511,277.98,94
2026-05-06T21:22:31.605694Z,254560.710871,276.763,94
2026-05-06T21:22:32.606832Z,254599.483233,273.96,94
2026-05-06T21:22:33.607404Z,254639.311744,275.778,94
2026-05-06T21:22:34.608533Z,254683.586472,272.226,93
2026-05-06T21:22:35.609689Z,254723.085517,276.813,94
2026-05-06T21:22:36.610814Z,254782.997534,265.062,93
2026-05-06T21:22:37.611991Z,254823.347284,271.612,94
2026-05-06T21:22:38.612741Z,254860.275717,281.613,94
2026-05-06T21:22:39.613912Z,254896.49175,281.697,93
2026-05-06T21:22:40.615082Z,254932.640888,282.404,93
2026-05-06T21:22:41.615363Z,254970.589339,282.401,94
2026-05-06T21:22:42.616506Z,255007.362377,284.025,94
2026-05-06T21:22:43.617643Z,255046.183872,282.272,94
2026-05-06T21:22:44.618771Z,255086.791312,259.566,94
2026-05-06T21:22:45.619360Z,255126.249829,279.824,93
2026-05-06T21:22:46.620526Z,255165.472629,280.435,94
2026-05-06T21:22:47.621697Z,255204.920526,281.22,93
2026-05-06T21:22:48.622829Z,255244.390945,281.578,94
2026-05-06T21:22:49.623991Z,255284.141087,280.2,94
2026-05-06T21:22:50.625154Z,255322.669309,283.003,94
2026-05-06T21:22:51.626299Z,255364.598767,269.066,95
2026-05-06T21:22:52.627490Z,255408.188133,281.801,90
2026-05-06T21:22:53.628634Z,255448.199139,173.244,1
2026-05-06T21:22:54.629136Z,255488.887206,234.095,94
2026-05-06T21:22:55.630276Z,255527.071618,279.559,94
2026-05-06T21:22:56.631420Z,255568.298746,278.332,93
2026-05-06T21:22:57.632553Z,255608.10736,279.555,94
2026-05-06T21:22:58.633677Z,255652.996771,275.491,93
2026-05-06T21:22:59.634818Z,255699.46406,273.273,93
2026-05-06T21:23:00.635426Z,255742.344199,269.84,94
2026-05-06T21:23:01.636566Z,255789.587547,255.51,93
2026-05-06T21:23:02.637758Z,255835.299222,268.415,92
2026-05-06T21:23:03.638937Z,255881.199007,272.747,92
2026-05-06T21:23:04.639364Z,255937.027111,269.534,92
2026-05-06T21:23:05.640558Z,255982.899186,271.044,92
2026-05-06T21:23:06.641493Z,256029.45351,271.165,93
2026-05-06T21:23:07.642681Z,256080.729441,268.612,93
2026-05-06T21:23:08.643360Z,256133.619381,269.717,91
2026-05-06T21:23:09.644483Z,256182.463006,249.335,57
2026-05-06T21:23:10.645627Z,256234.056807,259.51,91
2026-05-06T21:23:11.646754Z,256287.0784,263.468,93
2026-05-06T21:23:12.647366Z,256334.371065,268.919,93
2026-05-06T21:23:13.648520Z,256380.311804,270.742,92
2026-05-06T21:23:14.649663Z,256427.429542,271.631,92
2026-05-06T21:23:15.650801Z,256471.993271,271.956,92
2026-05-06T21:23:16.651437Z,256517.11724,271.271,92
2026-05-06T21:23:17.652581Z,256563.70495,256.881,9
2026-05-06T21:23:18.653764Z,256616.773906,274.828,91
2026-05-06T21:23:19.654960Z,256655.781008,118.711,49
2026-05-06T21:23:20.655417Z,256712.663797,272.185,91
2026-05-06T21:23:21.656605Z,256756.034963,273.824,93
2026-05-06T21:23:22.657733Z,256795.138623,278.584,94
2026-05-06T21:23:23.658919Z,256834.288486,281.574,94
2026-05-06T21:23:24.659364Z,256880.965674,275.114,93
2026-05-06T21:23:25.660494Z,256922.680288,276.167,93
2026-05-06T21:23:26.661672Z,256967.070006,255.056,57
2026-05-06T21:23:27.662791Z,257008.97914,266.665,94
2026-05-06T21:23:28.663363Z,257053.350791,276.855,94
2026-05-06T21:23:29.664498Z,257093.013287,278.322,94
2026-05-06T21:23:30.665676Z,257135.920404,280.176,93
2026-05-06T21:23:31.666835Z,257183.373591,270.672,93
2026-05-06T21:23:32.667364Z,257224.430859,277.755,94
2026-05-06T21:23:33.668520Z,257272.557017,276.737,94
2026-05-06T21:23:34.669697Z,257318.517715,265.992,94
2026-05-06T21:23:35.670888Z,257359.516572,269.779,94
2026-05-06T21:23:36.671416Z,257401.69719,279.952,94
2026-05-06T21:23:37.672547Z,257450.510358,276.92,93
2026-05-06T21:23:38.673711Z,257494.528739,270.834,93
2026-05-06T21:23:39.674880Z,257532.323503,280.685,95
2026-05-06T21:23:40.675425Z,257572.75913,278.999,93
2026-05-06T21:23:41.676560Z,257617.800213,277.817,94
2026-05-06T21:23:42.677720Z,257666.728677,253.155,32
2026-05-06T21:23:43.678859Z,257710.83568,274.569,54
2026-05-06T21:23:44.679563Z,257750.650764,119.428,86
2026-05-06T21:23:45.680697Z,257795.287857,271.805,94
2026-05-06T21:23:46.681931Z,257845.076853,269.903,94
2026-05-06T21:23:47.683122Z,257891.056288,273.273,95
2026-05-06T21:23:48.683439Z,257932.435516,275.429,94
2026-05-06T21:23:49.684623Z,257971.042107,278.641,94
2026-05-06T21:23:50.685799Z,258018.736015,275.912,91
2026-05-06T21:23:51.687012Z,258064.498654,271.561,94
2026-05-06T21:23:52.687366Z,258111.297729,250.007,92
2026-05-06T21:23:53.688502Z,258157.592471,269.198,93
2026-05-06T21:23:54.689637Z,258203.557136,270.901,91
2026-05-06T21:23:55.690834Z,258254.239319,271.048,92
2026-05-06T21:23:56.691413Z,258300.34119,270.827,92
2026-05-06T21:23:57.692587Z,258346.418465,271.793,92
2026-05-06T21:23:58.693767Z,258392.134718,272.707,92
2026-05-06T21:23:59.694910Z,258441.505014,272.426,94
2026-05-06T21:24:00.695362Z,258491.935243,249.479,93
2026-05-06T21:24:01.696527Z,258539.23157,270.889,93
2026-05-06T21:24:02.697746Z,258584.414682,270.861,93
2026-05-06T21:24:03.698949Z,258629.219682,270.477,92
2026-05-06T21:24:04.700144Z,258675.554707,270.375,91
2026-05-06T21:24:05.701338Z,258719.526885,269.556,93
2026-05-06T21:24:06.702524Z,258764.962926,271.485,92
2026-05-06T21:24:07.703439Z,258810.674112,271.297,94
2026-05-06T21:24:08.704643Z,258861.766694,257.755,95
2026-05-06T21:24:09.705856Z,258916.893994,255.758,2
2026-05-06T21:24:10.707113Z,258960.456993,140.24,90
2026-05-06T21:24:11.707425Z,258999.153427,277.366,95
2026-05-06T21:24:12.708667Z,259039.046636,282.13,95
2026-05-06T21:24:13.709906Z,259077.836942,282.571,94
2026-05-06T21:24:14.711155Z,259116.414052,282.157,94
2026-05-06T21:24:15.712371Z,259155.349744,282.49,94
2026-05-06T21:24:16.713600Z,259194.467686,282.017,94
2026-05-06T21:24:17.714838Z,259235.054007,281.537,95
2026-05-06T21:24:18.715432Z,259274.243787,266.19,94
2026-05-06T21:24:19.716610Z,259312.183876,282.339,95
2026-05-06T21:24:20.717838Z,259350.969787,282.123,94
2026-05-06T21:24:21.719069Z,259392.693435,282.054,93
2026-05-06T21:24:22.719370Z,259432.859775,277.769,94
2026-05-06T21:24:23.720565Z,259472.080683,278.39,94
2026-05-06T21:24:24.721797Z,259512.30287,276.11,57
2026-05-06T21:24:25.723026Z,259551.274206,257.803,94
2026-05-06T21:24:26.724239Z,259590.654354,280.007,93
2026-05-06T21:24:27.725425Z,259630.267717,281.363,94
2026-05-06T21:24:28.726603Z,259669.624428,281.584,94
2026-05-06T21:24:29.727426Z,259709.713742,280.542,93
2026-05-06T21:24:30.728601Z,259749.711992,277.81,92
2026-05-06T21:24:31.729837Z,259788.330911,278.162,93
2026-05-06T21:24:32.731015Z,259833.463364,281.289,96
2026-05-06T21:24:33.732278Z,259876.077818,271.369,91
2026-05-06T21:24:34.733555Z,259915.110189,145.564,26
2026-05-06T21:24:35.734790Z,259955.436563,246.977,94
2026-05-06T21:24:36.735422Z,259995.959774,280.532,94
2026-05-06T21:24:37.736375Z,260035.579363,281.394,94
2026-05-06T21:24:38.737529Z,260076.658603,279.081,94
2026-05-06T21:24:39.738653Z,260115.983576,282.458,95
2026-05-06T21:24:40.739429Z,260156.71626,282.069,94
2026-05-06T21:24:41.740668Z,260201.196554,267.759,34
2026-05-06T21:24:42.741920Z,260246.048734,250.716,93
2026-05-06T21:24:43.743154Z,260287.524275,277.627,94
2026-05-06T21:24:44.744389Z,260327.224673,280.522,94
2026-05-06T21:24:45.745627Z,260366.266383,282.395,94
2026-05-06T21:24:46.746860Z,260405.882065,281.722,93
2026-05-06T21:24:47.747422Z,260450.412102,280.852,93
2026-05-06T21:24:48.748659Z,260496.350705,273.804,93
2026-05-06T21:24:49.749914Z,260544.00134,268.177,94
2026-05-06T21:24:50.751150Z,260585.41902,262.865,93
2026-05-06T21:24:51.752395Z,260626.262848,278.903,94
2026-05-06T21:24:52.753629Z,260665.573966,281.134,93
2026-05-06T21:24:53.754860Z,260704.219192,281.556,93
2026-05-06T21:24:54.755437Z,260742.669838,281.705,93
2026-05-06T21:24:55.756680Z,260783.744623,282.905,94
2026-05-06T21:24:56.757975Z,260826.707953,279.267,93
2026-05-06T21:24:57.759202Z,260870.638688,272.068,94
2026-05-06T21:24:58.760297Z,260910.198645,234.255,23
2026-05-06T21:24:59.761517Z,260952.044973,157.419,93
2026-05-06T21:25:00.762752Z,260994.715579,279.175,93
2026-05-06T21:25:01.763420Z,261034.409081,281.945,95
2026-05-06T21:25:02.764639Z,261073.109544,282.142,93
2026-05-06T21:25:03.765856Z,261111.375803,282.592,94
2026-05-06T21:25:04.766885Z,261152.075711,282.367,93
2026-05-06T21:25:05.767370Z,261192.796188,279.746,94
2026-05-06T21:25:06.768628Z,261235.032652,271.554,51
2026-05-06T21:25:07.769857Z,261276.509047,259.281,93
2026-05-06T21:25:08.771085Z,261319.417385,280.048,94
2026-05-06T21:25:09.771430Z,261361.228008,278.646,94
2026-05-06T21:25:10.772662Z,261402.597165,279.778,94
2026-05-06T21:25:11.773897Z,261442.383501,280.878,95
2026-05-06T21:25:12.775133Z,261481.718239,281.712,94
2026-05-06T21:25:13.776371Z,261523.439873,269.401,29
2026-05-06T21:25:14.777696Z,261561.86995,255.401,94
2026-05-06T21:25:15.778863Z,261600.188822,281.671,94
2026-05-06T21:25:16.779423Z,261639.728332,281.786,94
2026-05-06T21:25:17.780555Z,261678.223778,281.993,93
2026-05-06T21:25:18.781667Z,261716.774217,282.936,94
2026-05-06T21:25:19.782827Z,261755.570565,283.389,93
2026-05-06T21:25:20.783421Z,261794.810638,283.214,94
2026-05-06T21:25:21.784579Z,261840.005896,260.855,17
2026-05-06T21:25:22.785707Z,261879.658687,276.581,82
2026-05-06T21:25:23.786900Z,261914.894193,134.676,89
2026-05-06T21:25:24.787369Z,261954.544726,281.391,94
2026-05-06T21:25:25.788508Z,261993.369578,282.224,94
2026-05-06T21:25:26.788793Z,262033.290557,282.225,94
2026-05-06T21:25:27.789927Z,262072.796377,282.734,94
2026-05-06T21:25:28.791085Z,262112.336314,282.913,95
2026-05-06T21:25:29.792264Z,7.116681,282.743,94
2026-05-06T21:25:30.793439Z,49.784906,270.613,95
2026-05-06T21:25:31.794618Z,89.284622,273.865,94
2026-05-06T21:25:32.795783Z,129.379368,282.538,94
2026-05-06T21:25:33.796948Z,169.155633,282.783,95
2026-05-06T21:25:34.798116Z,209.245374,283.229,94
2026-05-06T21:25:35.799246Z,248.995029,282.752,93
2026-05-06T21:25:36.800375Z,290.930834,282.433,93
2026-05-06T21:25:37.801503Z,331.447393,283.139,95
2026-05-06T21:25:38.802619Z,372.232079,256.286,93
2026-05-06T21:25:39.803405Z,413.178385,282.685,94
2026-05-06T21:25:40.804577Z,452.143373,282.676,94
2026-05-06T21:25:41.805717Z,492.111777,283.121,94
2026-05-06T21:25:42.806849Z,531.564679,283.843,93
2026-05-06T21:25:43.807403Z,570.898013,283.848,93
2026-05-06T21:25:44.808569Z,610.457787,283.946,93
2026-05-06T21:25:45.809741Z,653.488317,278.591,95
2026-05-06T21:25:46.810877Z,692.500546,271.533,90
2026-05-06T21:25:47.811360Z,731.194356,151.27,0
2026-05-06T21:25:48.812529Z,771.867286,223.465,94
2026-05-06T21:25:49.813711Z,812.260432,285.409,94
2026-05-06T21:25:50.814876Z,852.981886,285.74,94
2026-05-06T21:25:51.816008Z,893.793793,284.877,93
2026-05-06T21:25:52.817211Z,935.280808,285.926,94
2026-05-06T21:25:53.818412Z,974.719245,286.198,94
2026-05-06T21:25:54.819364Z,1017.395771,282.346,95
2026-05-06T21:25:55.820519Z,1057.128824,277.544,94
2026-05-06T21:25:56.821640Z,1097.466062,283.681,93
2026-05-06T21:25:57.822754Z,1137.134295,284.655,94
2026-05-06T21:25:58.823360Z,1176.25712,285.62,94
2026-05-06T21:25:59.824399Z,1215.313966,285.722,94
2026-05-06T21:26:00.825566Z,1256.477862,284.603,94
2026-05-06T21:26:01.826695Z,1299.805388,277.192,95
2026-05-06T21:26:02.827360Z,1339.371266,281.534,94
2026-05-06T21:26:03.828557Z,1379.161203,285.012,93
2026-05-06T21:26:04.829725Z,1419.59451,285.366,93
2026-05-06T21:26:05.830900Z,1460.117783,284.843,94
2026-05-06T21:26:06.831424Z,1500.20197,285.17,94
2026-05-06T21:26:07.832601Z,1538.940579,284.953,93
2026-05-06T21:26:08.833774Z,1582.133645,266.205,93
2026-05-06T21:26:09.835106Z,1623.783318,299.765,49
2026-05-06T21:26:10.836736Z,1660.421835,191.196,0
2026-05-06T21:26:11.837969Z,1701.926185,187.461,92
2026-05-06T21:26:12.839213Z,1740.261597,283.793,93
2026-05-06T21:26:13.840402Z,1778.536218,285.171,93
2026-05-06T21:26:14.841556Z,1818.303206,285.434,93
2026-05-06T21:26:15.842677Z,1857.947086,285.598,93
2026-05-06T21:26:16.843401Z,1899.119527,285.834,93
2026-05-06T21:26:17.844578Z,1941.518406,264.437,58
2026-05-06T21:26:18.845703Z,1981.065485,271.125,93
2026-05-06T21:26:19.846860Z,2020.513199,285.396,94
2026-05-06T21:26:20.848062Z,2061.052035,285.477,94
2026-05-06T21:26:21.849240Z,2101.822866,284.448,93
2026-05-06T21:26:22.850383Z,2142.298653,285.111,94
2026-05-06T21:26:23.851433Z,2182.220304,284.416,94
2026-05-06T21:26:24.852608Z,2223.95738,270.352,9
2026-05-06T21:26:25.853782Z,2260.876231,261.399,93
2026-05-06T21:26:26.855013Z,2301.040251,284.142,93
2026-05-06T21:26:27.855368Z,2339.282097,285.206,94
2026-05-06T21:26:28.856605Z,2379.757884,286.053,94
2026-05-06T21:26:29.857843Z,2419.939483,286.35,93
2026-05-06T21:26:30.859072Z,2460.07555,286.912,94
2026-05-06T21:26:31.860314Z,2502.695375,281.752,22
2026-05-06T21:26:32.861544Z,2548.042183,296.718,95
2026-05-06T21:26:33.862718Z,2579.544055,136.269,8
2026-05-06T21:26:34.863423Z,2618.91871,228.652,93
2026-05-06T21:26:35.864605Z,2658.646941,284.883,94
2026-05-06T21:26:36.865777Z,2699.210253,284.502,94
2026-05-06T21:26:37.866963Z,2738.834724,285.395,94
2026-05-06T21:26:38.867418Z,2778.115568,285.715,94
2026-05-06T21:26:39.867799Z,2817.423268,286.646,94
2026-05-06T21:26:40.869037Z,2859.565189,281.415,94
2026-05-06T21:26:41.870328Z,2900.853657,272.269,93
2026-05-06T21:26:42.871435Z,2940.771768,284.495,94
2026-05-06T21:26:43.872669Z,2980.061951,284.702,94
2026-05-06T21:26:44.873900Z,3020.553119,285.189,93
2026-05-06T21:26:45.875134Z,3060.290505,285.508,93
2026-05-06T21:26:46.876366Z,3102.162285,285.277,93
2026-05-06T21:26:47.877598Z,3144.138374,276.396,94
2026-05-06T21:26:48.878832Z,3186.276205,281.337,92
2026-05-06T21:26:49.880076Z,3227.183205,286.146,93
2026-05-06T21:26:50.881317Z,3268.536066,286.684,93
2026-05-06T21:26:51.882553Z,3310.132028,286.402,94
2026-05-06T21:26:52.883433Z,3350.661038,287.119,94
2026-05-06T21:26:53.884613Z,3390.856492,286.749,94
2026-05-06T21:26:54.885854Z,3431.765994,264.341,94
2026-05-06T21:26:55.887088Z,3475.376784,292.965,71
2026-05-06T21:26:56.887434Z,3512.528666,191.605,25
2026-05-06T21:26:57.888673Z,3545.02309,159.442,15
2026-05-06T21:26:58.889910Z,3583.583416,285.933,93
2026-05-06T21:26:59.891155Z,3621.799688,286.177,94
2026-05-06T21:27:00.892390Z,3660.995449,286.807,94
2026-05-06T21:27:01.893623Z,3701.946638,286.765,94
2026-05-06T21:27:02.894856Z,3740.59516,287.258,94
2026-05-06T21:27:03.895365Z,3780.901392,276.766,94
2026-05-06T21:27:04.896587Z,3823.999976,263.229,73
2026-05-06T21:27:05.897815Z,3863.984981,284.219,93
2026-05-06T21:27:06.899051Z,3903.34395,283.899,91
2026-05-06T21:27:07.900287Z,3943.135352,285.714,94
2026-05-06T21:27:08.901506Z,3983.364741,286.167,94
2026-05-06T21:27:09.902734Z,4024.335767,285.665,94
2026-05-06T21:27:10.903999Z,4064.281587,283.951,94
2026-05-06T21:27:11.905299Z,4108.597331,262.062,95
2026-05-06T21:27:12.906538Z,4147.233828,285.981,94
2026-05-06T21:27:13.907779Z,4186.311243,286.119,94
2026-05-06T21:27:14.909010Z,4225.696701,286.327,94
2026-05-06T21:27:15.910243Z,4265.3216,285.988,94
2026-05-06T21:27:16.911498Z,4306.64022,285.691,93
2026-05-06T21:27:17.912746Z,4346.799174,286.134,94
2026-05-06T21:27:18.914065Z,4385.615909,251.506,95
2026-05-06T21:27:19.915298Z,4423.865994,288.464,62
2026-05-06T21:27:20.915555Z,4460.688165,94.222,0
2026-05-06T21:27:21.916728Z,4502.667977,270.744,94
2026-05-06T21:27:22.917901Z,4541.189119,285.042,94
2026-05-06T21:27:23.919071Z,4581.253957,285.57,94
2026-05-06T21:27:24.919363Z,4620.346387,286.144,94
2026-05-06T21:27:25.920556Z,4660.642365,286.226,94
2026-05-06T21:27:26.921751Z,4701.469409,285.023,94
2026-05-06T21:27:27.922930Z,4745.355588,264.27,32
2026-05-06T21:27:28.923418Z,4785.728349,264.342,94
2026-05-06T21:27:29.924552Z,4826.139683,284.86,94
2026-05-06T21:27:30.925720Z,4864.890622,284.926,94
2026-05-06T21:27:31.926845Z,4905.218765,284.144,94
2026-05-06T21:27:32.927416Z,4945.743564,285.512,94
2026-05-06T21:27:33.928588Z,4985.931022,285.381,93
2026-05-06T21:27:34.929746Z,5028.350652,278.632,20
2026-05-06T21:27:35.930925Z,5069.033287,262.828,94
2026-05-06T21:27:36.932090Z,5110.109354,285.389,94
2026-05-06T21:27:37.933257Z,5151.618952,286.445,93
2026-05-06T21:27:38.934429Z,5191.684585,286.626,94
2026-05-06T21:27:39.935419Z,5234.93661,285.894,93
2026-05-06T21:27:40.936545Z,5274.702194,286.882,94
2026-05-06T21:27:41.937705Z,5314.536748,275.073,52
2026-05-06T21:27:42.938883Z,5361.952337,291.643,95
2026-05-06T21:27:43.939911Z,5394.937299,157.571,0
2026-05-06T21:27:44.941153Z,5434.256474,213.626,93
2026-05-06T21:27:45.942319Z,5474.688804,284.993,94
2026-05-06T21:27:46.943418Z,5514.976726,285.729,94
2026-05-06T21:27:47.944543Z,5555.300292,285.256,94
2026-05-06T21:27:48.945665Z,5595.91939,286.071,94
2026-05-06T21:27:49.946788Z,5636.429235,285.67,94
2026-05-06T21:27:50.947437Z,5679.051989,280.327,94
2026-05-06T21:27:51.948662Z,5720.387272,271.715,93
2026-05-06T21:27:52.949814Z,5761.394857,284.972,93
2026-05-06T21:27:53.950979Z,5803.043615,284.982,93
2026-05-06T21:27:54.951677Z,5843.436151,285.389,94
2026-05-06T21:27:55.952824Z,5884.672068,285.215,93
2026-05-06T21:27:56.953948Z,5928.562825,283.725,90
2026-05-06T21:27:57.955059Z,5971.676973,274.191,94
2026-05-06T21:27:58.955361Z,6013.000842,281.863,94
2026-05-06T21:27:59.955930Z,6051.677012,285.165,92
2026-05-06T21:28:00.957070Z,6089.686314,284.491,93
2026-05-06T21:28:01.958235Z,6131.522938,285.746,94
2026-05-06T21:28:02.959423Z,6171.873238,286.323,93
2026-05-06T21:28:03.960590Z,6213.433068,285.954,94
2026-05-06T21:28:04.961771Z,6256.194921,259.332,93
2026-05-06T21:28:05.962949Z,6299.472154,291.184,42
2026-05-06T21:28:06.964118Z,6337.65327,191.261,35
2026-05-06T21:28:07.965305Z,6376.135227,176.544,2
2026-05-06T21:28:08.966481Z,6416.927969,285.635,94
2026-05-06T21:28:09.967651Z,6457.878243,285.799,93
2026-05-06T21:28:10.968817Z,6497.799527,286.6,94
2026-05-06T21:28:11.969942Z,6539.967266,284.57,93
2026-05-06T21:28:12.971110Z,6580.130981,285.366,94
2026-05-06T21:28:13.971412Z,6622.131606,258.434,93
2026-05-06T21:28:14.972587Z,6663.740448,270.713,8
2026-05-06T21:28:15.973781Z,6704.250048,284.623,93
2026-05-06T21:28:16.974907Z,6745.047796,285.228,93
2026-05-06T21:28:17.975370Z,6785.204126,284.407,93
2026-05-06T21:28:18.976578Z,6825.369001,285.786,94
2026-05-06T21:28:19.977734Z,6865.685609,285.845,93
2026-05-06T21:28:20.978919Z,6907.246782,272.085,94
2026-05-06T21:28:21.980058Z,6950.594083,262.593,53
2026-05-06T21:28:22.981237Z,6991.158127,286.852,94
2026-05-06T21:28:23.982419Z,7032.387026,286.931,93
2026-05-06T21:28:24.983568Z,7073.350849,287.049,94
2026-05-06T21:28:25.984742Z,7114.145361,286.719,93
2026-05-06T21:28:26.985942Z,7155.034417,285.618,93
2026-05-06T21:28:27.987092Z,7194.823439,279.309,94
2026-05-06T21:28:28.988287Z,7239.868001,281.136,96
2026-05-06T21:28:29.989440Z,7279.350383,243.467,91
2026-05-06T21:28:30.990632Z,7317.939701,132.903,0
2026-05-06T21:28:31.991800Z,7359.51894,284.669,94
2026-05-06T21:28:32.992976Z,7400.440649,285.132,93
2026-05-06T21:28:33.994109Z,7441.456352,285.942,93
2026-05-06T21:28:34.995286Z,7482.589059,285.478,93
2026-05-06T21:28:35.996433Z,7524.067286,285.286,93
2026-05-06T21:28:36.997603Z,7565.656901,284.989,93
2026-05-06T21:28:37.998803Z,7609.475575,260.452,95
2026-05-06T21:28:38.999359Z,7650.729559,285.634,94
2026-05-06T21:28:40.000506Z,7691.5635,285.437,94
2026-05-06T21:28:41.001663Z,7732.35319,286.54,94
2026-05-06T21:28:42.002828Z,7774.007381,284.708,94
2026-05-06T21:28:43.003359Z,7814.693678,285.371,93
2026-05-06T21:28:44.004481Z,7855.370271,285.46,94
2026-05-06T21:28:45.005682Z,7900.142983,262.25,95
2026-05-06T21:28:46.006852Z,7941.510431,285.28,93
2026-05-06T21:28:47.007361Z,7982.788462,285.836,94
2026-05-06T21:28:48.008542Z,8022.543671,286.924,94
2026-05-06T21:28:49.009715Z,8061.035455,287.227,94
2026-05-06T21:28:50.010880Z,8101.425244,286.672,94
2026-05-06T21:28:51.011415Z,8141.336702,285.824,93
2026-05-06T21:28:52.012551Z,8186.945533,255.314,54
2026-05-06T21:28:53.013775Z,8228.478568,292.428,8
2026-05-06T21:28:54.015200Z,8264.17031,103.254,0
2026-05-06T21:28:55.015361Z,8304.874064,251.249,94
2026-05-06T21:28:56.016510Z,8346.588495,285.382,94
2026-05-06T21:28:57.017663Z,8388.38032,285.499,94
2026-05-06T21:28:58.018832Z,8428.910367,284.498,94
2026-05-06T21:28:59.019361Z,8469.526962,284.487,94
2026-05-06T21:29:00.020533Z,8510.296328,284.65,94
2026-05-06T21:29:01.021747Z,8555.401071,282.531,26
2026-05-06T21:29:02.022898Z,8597.354272,261.408,93
2026-05-06T21:29:03.023358Z,8638.504435,285.931,94
2026-05-06T21:29:04.024472Z,8680.639459,286.072,94
2026-05-06T21:29:05.025631Z,8722.896309,285.602,92
2026-05-06T21:29:06.026805Z,8764.081811,286.083,94
2026-05-06T21:29:07.027414Z,8806.08445,285.885,94
2026-05-06T21:29:08.028450Z,8850.626817,284.366,83
2026-05-06T21:29:09.029800Z,8891.398746,270.847,94
2026-05-06T21:29:10.031002Z,8932.942524,286.227,94
2026-05-06T21:29:11.031363Z,8977.991664,285.456,93
2026-05-06T21:29:12.032520Z,9026.570763,278.507,94
2026-05-06T21:29:13.033686Z,9070.069492,280.373,93
2026-05-06T21:29:14.034852Z,9110.823661,285.276,94
2026-05-06T21:29:15.035362Z,9153.13239,258.101,94
2026-05-06T21:29:16.036525Z,9200.508612,290.87,46
2026-05-06T21:29:17.037642Z,9238.892669,193.022,31
2026-05-06T21:29:18.038103Z,9277.958853,182.233,1
2026-05-06T21:29:19.039238Z,9319.871831,283.523,93
2026-05-06T21:29:20.039415Z,9361.120749,284.117,94
2026-05-06T21:29:21.040546Z,9402.215066,286.097,93
2026-05-06T21:29:22.041725Z,9449.288309,279.88,93
2026-05-06T21:29:23.042905Z,9488.489137,283.365,93
2026-05-06T21:29:24.043371Z,9536.38794,273.417,91
2026-05-06T21:29:25.044501Z,9582.145513,252.794,95
2026-05-06T21:29:26.045639Z,9623.220786,280.897,93
2026-05-06T21:29:27.046758Z,9664.97544,285.049,93
2026-05-06T21:29:28.047363Z,9706.451225,284.622,94
2026-05-06T21:29:29.048532Z,9747.513376,285.146,94
2026-05-06T21:29:30.049670Z,9789.281702,285.836,94
2026-05-06T21:29:31.050798Z,9830.072186,286.594,94
2026-05-06T21:29:32.051367Z,9873.775565,254.791,95
2026-05-06T21:29:33.052523Z,9914.056956,285.342,93
2026-05-06T21:29:34.053645Z,9955.04147,286.442,94
2026-05-06T21:29:35.054768Z,9995.613022,286.404,94
2026-05-06T21:29:36.055360Z,10037.602721,285.872,94
2026-05-06T21:29:37.056534Z,10079.485854,285.063,93
2026-05-06T21:29:38.057701Z,10119.012974,284.696,94
2026-05-06T21:29:39.058871Z,10162.563461,252.617,31
2026-05-06T21:29:40.059406Z,10206.118769,292.131,9
2026-05-06T21:29:41.060662Z,10245.366533,123.824,0
2026-05-06T21:29:42.061829Z,10287.762603,279.85,94
2026-05-06T21:29:43.063018Z,10328.888413,285.274,93
2026-05-06T21:29:44.063419Z,10371.05487,284.995,93
2026-05-06T21:29:45.064590Z,10412.404679,284.707,94
2026-05-06T21:29:46.065757Z,10454.114228,284.524,94
2026-05-06T21:29:47.066950Z,10494.731922,285.39,94
2026-05-06T21:29:48.067359Z,10534.864693,255.549,59
2026-05-06T21:29:49.068540Z,10575.055569,284.995,94
2026-05-06T21:29:50.069729Z,10615.419174,286.265,94
2026-05-06T21:29:51.070922Z,10656.407167,286.182,94
2026-05-06T21:29:52.072102Z,10699.082046,286.328,94
2026-05-06T21:29:53.073276Z,10740.867156,286.31,94
2026-05-06T21:29:54.074444Z,10782.979719,257.861,94
2026-05-06T21:29:55.075399Z,10823.496522,272.175,94
2026-05-06T21:29:56.076530Z,10863.313498,287.084,93
2026-05-06T21:29:57.077647Z,10905.459386,286.613,94
2026-05-06T21:29:58.078090Z,10947.387135,285.885,94
2026-05-06T21:29:59.079260Z,10989.320988,285.869,94
2026-05-06T21:30:00.079421Z,11030.442526,285.408,93
2026-05-06T21:30:01.080595Z,11073.689424,205.473,2
2026-05-06T21:30:02.081770Z,11119.273475,381.569,95
2026-05-06T21:30:03.083024Z,11161.035514,183.71,0
2026-05-06T21:30:04.083456Z,11204.709963,90.496,0
2026-05-06T21:30:05.084653Z,11264.874848,56.835,0
2026-05-06T21:30:06.085782Z,11377.024036,49.714,1
2026-05-06T21:30:07.086957Z,11483.509115,47.961,1
2026-05-06T21:30:08.088537Z,11583.595223,46.996,0
2026-05-06T21:30:09.088813Z,11637.116327,33.831,0
2026-05-06T21:30:10.089936Z,11683.160398,30.365,7
2026-05-06T21:30:11.091130Z,11728.609073,26.769,2
2026-05-06T21:30:12.092281Z,11771.241288,34.492,0
2026-05-06T21:30:13.093452Z,11807.367295,334.699,0
2026-05-06T21:30:14.094593Z,11841.648701,387.771,60
2026-05-06T21:30:15.095819Z,11873.600096,341.655,64
2026-05-06T21:30:16.097268Z,11876.946767,154.134,0
2026-05-06T21:30:17.098763Z,11895.148198,89.025,0
2026-05-06T21:30:18.099461Z,11902.870651,76.893,1
2026-05-06T21:30:19.100984Z,11906.086646,74.794,0
2026-05-06T21:30:20.102521Z,11909.752897,53.514,0
2026-05-06T21:30:21.104050Z,11913.188679,43.263,5
2026-05-06T21:30:22.105526Z,11917.452889,36.886,23
2026-05-06T21:30:23.106959Z,11924.394217,28.56,8
2026-05-06T21:30:24.108212Z,11933.287565,31.342,26
2026-05-06T21:30:25.109738Z,11940.355724,30.858,30
2026-05-06T21:30:26.111253Z,11944.687622,32.128,29
2026-05-06T21:30:27.112638Z,11954.015662,30.361,0
2026-05-06T21:30:28.113888Z,11959.440819,32.793,47
2026-05-06T21:30:29.115432Z,11966.519963,28.889,21
2026-05-06T21:30:30.116969Z,11971.350273,25.17,0
2026-05-06T21:30:31.118509Z,11975.264387,23.672,5
2026-05-06T21:30:32.120054Z,11978.63419,23.593,2
2026-05-06T21:30:33.121586Z,11982.395594,23.626,4
2026-05-06T21:30:34.123052Z,11986.558242,23.913,3
2026-05-06T21:30:35.123924Z,11990.346685,24.081,2
2026-05-06T21:30:36.125452Z,11995.313774,23.84,0
2026-05-06T21:30:37.126920Z,12000.149211,23.852,3
2026-05-06T21:30:38.127466Z,12003.847749,23.683,3
2026-05-06T21:30:39.128999Z,12007.826254,23.666,0
2026-05-06T21:30:40.130447Z,12025.670264,24.762,2
2026-05-06T21:30:41.131487Z,12032.271138,27.678,22
2026-05-06T21:30:42.132937Z,12040.844053,29.647,28
2026-05-06T21:30:43.134144Z,12053.020108,28.647,59
2026-05-06T21:30:44.135423Z,12064.887509,26.961,16
2026-05-06T21:30:45.136668Z,12076.647977,26.536,17
2026-05-06T21:30:46.137860Z,12089.784723,26.1,13
2026-05-06T21:30:47.139091Z,12118.257063,26.659,14
2026-05-06T21:30:48.140419Z,12134.809999,26.642,13
2026-05-06T21:30:49.141617Z,12149.097804,26.516,17
2026-05-06T21:30:50.142803Z,12165.686079,30.118,44
2026-05-06T21:30:51.144050Z,12188.671799,26.704,15
2026-05-06T21:30:52.145344Z,12215.209146,26.15,12
2026-05-06T21:30:53.146565Z,12227.690559,26.157,14
2026-05-06T21:30:54.147427Z,12239.81443,26.553,14
2026-05-06T21:30:55.148639Z,12251.485298,26.843,15
2026-05-06T21:30:56.149068Z,12263.753821,26.806,17
2026-05-06T21:30:57.150320Z,12275.169686,26.42,15
2026-05-06T21:30:58.151780Z,12280.85357,24.612,7
2026-05-06T21:30:59.153324Z,12285.453107,24.532,2
2026-05-06T21:31:00.154831Z,12290.1633,25.533,7
2026-05-06T21:31:01.156143Z,12295.858415,24.859,7
2026-05-06T21:31:02.157623Z,12301.236208,24.816,8
2026-05-06T21:31:03.159141Z,12305.686575,24.684,6
2026-05-06T21:31:04.160690Z,12313.096774,25.408,9
2026-05-06T21:31:05.162095Z,12322.785103,26.526,34
2026-05-06T21:31:06.163261Z,12337.74466,26.047,18
2026-05-06T21:31:07.164478Z,12351.668941,27.2,26
2026-05-06T21:31:08.165775Z,12356.266829,27.041,6
2026-05-06T21:31:09.167261Z,12362.568754,25.784,6
2026-05-06T21:31:10.168558Z,12395.296881,25.022,4
2026-05-06T21:31:11.169862Z,12402.157337,25.748,34
2026-05-06T21:31:12.171417Z,12405.848612,24.486,5
2026-05-06T21:31:13.172942Z,12414.414569,26.205,12
2026-05-06T21:31:14.174202Z,12421.019471,27.059,24
2026-05-06T21:31:15.175376Z,12428.183943,26.291,15
2026-05-06T21:31:16.176672Z,12437.171835,25.967,13
2026-05-06T21:31:17.177940Z,12444.522035,26.307,18
2026-05-06T21:31:18.179213Z,12451.499923,26.452,15
2026-05-06T21:31:19.180447Z,12458.763515,26.413,17
2026-05-06T21:31:20.181721Z,12465.141367,26.667,17
2026-05-06T21:31:21.182995Z,12471.954827,26.786,17
2026-05-06T21:31:22.183464Z,12486.915848,27.338,15
2026-05-06T21:31:23.184646Z,12523.879132,27.531,19
2026-05-06T21:31:24.186025Z,12528.087617,30.892,34
2026-05-06T21:31:25.187465Z,12532.846883,28.574,9
2026-05-06T21:31:26.189006Z,12536.878061,25.23,13
2026-05-06T21:31:27.190499Z,12546.895186,25.345,0
2026-05-06T21:31:28.191463Z,12551.414767,25.895,10
2026-05-06T21:31:29.192987Z,12555.143456,24.248,0
2026-05-06T21:31:30.194516Z,12559.274671,25.186,5
2026-05-06T21:31:31.195474Z,12563.002445,25.691,8
2026-05-06T21:31:32.196902Z,12571.84605,25.182,22
2026-05-06T21:31:33.198226Z,12576.114594,25.911,21
2026-05-06T21:31:34.199592Z,12579.72219,25.659,22
2026-05-06T21:31:35.201135Z,12583.053785,23.973,5
2026-05-06T21:31:36.202678Z,12586.870182,24.915,0
2026-05-06T21:31:37.204155Z,12591.395805,23.774,2
2026-05-06T21:31:38.205390Z,12595.828655,26.941,28
2026-05-06T21:31:39.206852Z,12600.626189,26.668,22
2026-05-06T21:31:40.207377Z,12608.700509,30.298,29
2026-05-06T21:31:41.208842Z,12613.135556,28.853,44
2026-05-06T21:31:42.210396Z,12616.943591,23.807,0
2026-05-06T21:31:43.211422Z,12622.356236,23.481,0
2026-05-06T21:31:44.212790Z,12627.020775,23.779,7
2026-05-06T21:31:45.214439Z,12633.986882,27.386,21
2026-05-06T21:31:46.215475Z,12637.88647,26.482,5
2026-05-06T21:31:47.217010Z,12650.148218,26.414,5
2026-05-06T21:31:48.218567Z,12655.901865,28.073,21
2026-05-06T21:31:49.219378Z,12667.044293,25.364,1
2026-05-06T21:31:50.220739Z,12672.340361,30.029,38
2026-05-06T21:31:51.222203Z,12680.777168,25.881,3
2026-05-06T21:31:52.223489Z,12687.694509,28.701,64
2026-05-06T21:31:53.225064Z,12694.877169,26.049,1
2026-05-06T21:31:54.226528Z,12700.126972,23.306,0
2026-05-06T21:31:55.227927Z,12704.32026,29.866,40
2026-05-06T21:31:56.229464Z,12708.009459,24.468,3
2026-05-06T21:31:57.230969Z,12712.61162,26.327,3
2026-05-06T21:31:58.231464Z,12726.967479,26.204,39
2026-05-06T21:31:59.233012Z,12730.275943,24.81,9
2026-05-06T21:32:00.234556Z,12733.824212,23.25,2
2026-05-06T21:32:01.235407Z,12737.750655,26.42,16
2026-05-06T21:32:02.236989Z,12742.434542,26.864,21
2026-05-06T21:32:03.238504Z,12746.973166,26.636,15
2026-05-06T21:32:04.240054Z,12765.491368,29.873,74
2026-05-06T21:32:05.241591Z,12772.518571,30.074,26
2026-05-06T21:32:06.243273Z,12776.387092,30.145,21
2026-05-06T21:32:07.244973Z,12781.440668,24.735,0
2026-05-06T21:32:08.246445Z,12789.61539,27.462,23
2026-05-06T21:32:09.247530Z,12796.717484,28.504,14
2026-05-06T21:32:10.248892Z,12803.143005,26.072,16
2026-05-06T21:32:11.250437Z,12806.707876,23.7,3
2026-05-06T21:32:12.251479Z,12810.318279,23.737,0
2026-05-06T21:32:13.253039Z,12813.786593,23.142,3
2026-05-06T21:32:14.254551Z,12817.540551,23.675,3
2026-05-06T21:32:15.255411Z,12821.10115,23.533,3
2026-05-06T21:32:16.256939Z,12825.605105,23.473,4
2026-05-06T21:32:17.258459Z,12829.128046,23.393,0
2026-05-06T21:32:18.259496Z,12833.047896,23.545,3
2026-05-06T21:32:19.261029Z,12836.527441,23.736,0
2026-05-06T21:32:20.262527Z,12840.503322,23.601,3
2026-05-06T21:32:21.263365Z,12845.452955,24.744,0
2026-05-06T21:32:22.264597Z,12866.051474,24.93,22
2026-05-06T21:32:23.266128Z,12869.59834,26.167,24
2026-05-06T21:32:24.267410Z,12876.723993,25.135,5
2026-05-06T21:32:25.268066Z,12887.059355,26.233,21
2026-05-06T21:32:26.269454Z,12898.463744,26.929,19
2026-05-06T21:32:27.270701Z,12908.925327,26.431,14
2026-05-06T21:32:28.271436Z,12932.682346,26.564,13
2026-05-06T21:32:29.272766Z,12941.158704,26.382,14
2026-05-06T21:32:30.273990Z,12950.345631,26.378,13
2026-05-06T21:32:31.275249Z,12959.080533,26.78,14
2026-05-06T21:32:32.276444Z,12979.379065,26.61,13
2026-05-06T21:32:33.277656Z,12990.264657,26.459,15
2026-05-06T21:32:34.278932Z,12998.541857,26.098,16
2026-05-06T21:32:35.280220Z,13007.17123,26.363,15
2026-05-06T21:32:36.281559Z,13018.543759,26.605,15
2026-05-06T21:32:37.282751Z,13033.667622,26.535,13
2026-05-06T21:32:38.283437Z,13045.985339,26.964,16
2026-05-06T21:32:39.284659Z,13058.378679,26.636,12
2026-05-06T21:32:40.285926Z,13066.973079,26.761,12
2026-05-06T21:32:41.287299Z,13076.072665,26.402,10
2026-05-06T21:32:42.288536Z,13104.998189,25.923,0
2026-05-06T21:32:43.289815Z,13117.990099,25.642,0
2026-05-06T21:32:44.291375Z,13121.309426,23.756,1
2026-05-06T21:32:45.292917Z,13124.195466,23.407,2
2026-05-06T21:32:46.294450Z,13128.586263,23.985,2
2026-05-06T21:32:47.295471Z,13138.066464,26.015,7
2026-05-06T21:32:48.296847Z,13141.430896,25.347,11
2026-05-06T21:32:49.298409Z,13144.826456,24.029,2
2026-05-06T21:32:50.299493Z,13149.153349,23.631,2
2026-05-06T21:32:51.300995Z,13152.369589,25.133,3
2026-05-06T21:32:52.302010Z,13162.15942,23.405,2
2026-05-06T21:32:53.303485Z,13165.213489,25.968,9
2026-05-06T21:32:54.305015Z,13169.218972,24.007,1
2026-05-06T21:32:55.306412Z,13172.670257,25.832,19
2026-05-06T21:32:56.307462Z,13177.139301,24.971,18
2026-05-06T21:32:57.308953Z,13180.611521,25.268,19
2026-05-06T21:32:58.310507Z,13183.714296,23.971,8
2026-05-06T21:32:59.311441Z,13186.568232,24.063,6
2026-05-06T21:33:00.312939Z,13190.229477,24.331,2
2026-05-06T21:33:01.314483Z,13193.747473,26.383,9
2026-05-06T21:33:02.316024Z,13197.805874,25.319,3
2026-05-06T21:33:03.317563Z,13201.356646,23.675,0
2026-05-06T21:33:04.319119Z,13204.816659,26.08,20
2026-05-06T21:33:05.320683Z,13210.597406,24.385,9
2026-05-06T21:33:06.322229Z,13214.165573,23.831,0
2026-05-06T21:33:07.323496Z,13218.399571,26.037,7
2026-05-06T21:33:08.324945Z,13221.898463,24.931,5
2026-05-06T21:33:09.326193Z,13225.529069,25.383,13
2026-05-06T21:33:10.327469Z,13229.17646,24.224,2
2026-05-06T21:33:11.329006Z,13233.633785,24.78,4
2026-05-06T21:33:12.330553Z,13240.311929,30.058,22
2026-05-06T21:33:13.331474Z,13244.228667,25.614,6
2026-05-06T21:33:14.332891Z,13251.852122,24.931,0
2026-05-06T21:33:15.334416Z,13255.283021,28.849,36
2026-05-06T21:33:16.335501Z,13260.37096,25.917,4
2026-05-06T21:33:17.337175Z,13265.867833,25.196,8
2026-05-06T21:33:18.338798Z,13271.34072,27.921,21
2026-05-06T21:33:19.339505Z,13275.287182,24.726,3
2026-05-06T21:33:20.341198Z,13284.698718,29.069,20
2026-05-06T21:33:21.342919Z,13288.236978,31.109,26
2026-05-06T21:33:22.344640Z,13294.699119,25.977,3
2026-05-06T21:33:23.346276Z,13299.750071,27.534,15
2026-05-06T21:33:24.347508Z,13307.170035,25.707,4
2026-05-06T21:33:25.349191Z,13310.70152,25.032,3
2026-05-06T21:33:26.350881Z,13314.574862,23.899,5
2026-05-06T21:33:27.352540Z,13322.954845,23.876,0
2026-05-06T21:33:28.353887Z,13333.070786,27.381,0
2026-05-06T21:33:29.355371Z,13341.912499,26.221,3
2026-05-06T21:33:30.356636Z,13350.682374,27.019,24
2026-05-06T21:33:31.358325Z,13354.354911,25.225,1
2026-05-06T21:33:32.359378Z,13374.142153,25.12,0
2026-05-06T21:33:33.360749Z,13392.849076,27.818,15
2026-05-06T21:33:34.362386Z,13397.41608,25.744,8
2026-05-06T21:33:35.363402Z,13415.137776,27.194,5
2026-05-06T21:33:36.364800Z,13427.236195,26.759,14
2026-05-06T21:33:37.366003Z,13440.581192,26.472,12
2026-05-06T21:33:38.367202Z,13454.002911,26.715,14
2026-05-06T21:33:39.367429Z,13479.366371,26.665,15
2026-05-06T21:33:40.368703Z,13507.752834,26.127,14
2026-05-06T21:33:41.370253Z,13517.528505,24.577,8
2026-05-06T21:33:42.371459Z,13521.30059,25.516,4
2026-05-06T21:33:43.372998Z,13531.401272,23.954,2
2026-05-06T21:33:44.374539Z,13536.782301,23.845,3
2026-05-06T21:33:45.375478Z,13540.945498,23.68,5
2026-05-06T21:33:46.377014Z,13544.409906,23.89,3
2026-05-06T21:33:47.378474Z,13550.748268,23.678,3
2026-05-06T21:33:48.379505Z,13556.613732,23.792,0
2026-05-06T21:33:49.380967Z,13562.038096,23.761,2
2026-05-06T21:33:50.382380Z,13566.682005,25.209,20
2026-05-06T21:33:51.383490Z,13570.294239,25.066,18
2026-05-06T21:33:52.385051Z,13574.14982,23.568,2
2026-05-06T21:33:53.386577Z,13578.37625,23.871,2
2026-05-06T21:33:54.387467Z,13583.515091,25.22,18
2026-05-06T21:33:55.388986Z,13587.222296,24.916,18
2026-05-06T21:33:56.390538Z,13590.488401,23.615,0
2026-05-06T21:33:57.392089Z,13594.067127,23.641,3
2026-05-06T21:33:58.392796Z,13598.189126,23.198,3
2026-05-06T21:33:59.394114Z,13616.066522,25.423,19
2026-05-06T21:34:00.395468Z,13626.276701,26.635,18
2026-05-06T21:34:01.396844Z,13635.581242,26.944,18
2026-05-06T21:34:02.398141Z,13644.523968,26.748,15
2026-05-06T21:34:03.399371Z,13654.468279,26.66,15
2026-05-06T21:34:04.400725Z,13663.893975,26.629,12
2026-05-06T21:34:05.402345Z,13678.463884,26.705,15
2026-05-06T21:34:06.403497Z,13684.624024,27.001,18
2026-05-06T21:34:07.405202Z,13688.934194,25.329,8
2026-05-06T21:34:08.406608Z,13693.047953,26.251,11
2026-05-06T21:34:09.407501Z,13697.83389,25.782,20
2026-05-06T21:34:10.409188Z,13701.669452,24.294,6
2026-05-06T21:34:11.410811Z,13705.690316,24.51,6
2026-05-06T21:34:12.412632Z,13711.443597,24.803,6
2026-05-06T21:34:13.414186Z,13715.565718,25.108,11
2026-05-06T21:34:14.415471Z,13719.633578,25.246,5
2026-05-06T21:34:15.417010Z,13724.005454,25.181,8
2026-05-06T21:34:16.418540Z,13728.630137,25.624,5
2026-05-06T21:34:17.419831Z,13733.317076,25.586,10
2026-05-06T21:34:18.421504Z,13738.704208,25.467,14
2026-05-06T21:34:19.422985Z,13743.827181,27.858,15
2026-05-06T21:34:20.423486Z,13747.291711,25.707,8
2026-05-06T21:34:21.425109Z,13750.874953,25.139,7
2026-05-06T21:34:22.426665Z,13754.519842,25.119,8
2026-05-06T21:34:23.428347Z,13758.183712,24.938,6
2026-05-06T21:34:24.430022Z,13761.934312,24.622,5
2026-05-06T21:34:25.431462Z,13765.841041,24.664,6
2026-05-06T21:34:26.432793Z,13772.883198,24.952,9
2026-05-06T21:34:27.434185Z,13784.245046,24.975,7
2026-05-06T21:34:28.435528Z,13789.284828,24.714,4
2026-05-06T21:34:29.437228Z,13792.964018,24.823,6
2026-05-06T21:34:30.438119Z,13796.391622,25.178,5
2026-05-06T21:34:31.439455Z,13809.103625,25.184,6
2026-05-06T21:34:32.440836Z,13813.147072,25.093,6
2026-05-06T21:34:33.442094Z,13841.91128,25.466,0
2026-05-06T21:34:34.443470Z,13850.208073,23.587,0
2026-05-06T21:34:35.445017Z,13853.862055,25.013,0
2026-05-06T21:34:36.446563Z,13856.792285,23.48,2
2026-05-06T21:34:37.448083Z,13863.081331,26.171,7
2026-05-06T21:34:38.449541Z,13866.093531,23.796,12
2026-05-06T21:34:39.450994Z,13874.655887,24.887,2
2026-05-06T21:34:40.452557Z,13878.032648,25.475,2
2026-05-06T21:34:41.454098Z,13882.80351,24.501,2
2026-05-06T21:34:42.455656Z,13885.931737,24.017,2
2026-05-06T21:34:43.457249Z,13894.597852,25.89,2
2026-05-06T21:34:44.458711Z,13898.600283,25.617,19
2026-05-06T21:34:45.459480Z,13901.843927,24.821,0
2026-05-06T21:34:46.461020Z,13904.444934,23.516,0
2026-05-06T21:34:47.462550Z,13908.88462,25.69,2
2026-05-06T21:34:48.463464Z,13912.35977,24.85,13
2026-05-06T21:34:49.464932Z,13916.276385,25.544,4
2026-05-06T21:34:50.466230Z,13922.865663,27.625,10
2026-05-06T21:34:51.467396Z,13926.833915,26.064,6
2026-05-06T21:34:52.468873Z,13931.212993,23.915,7
2026-05-06T21:34:53.470351Z,13936.015288,28.295,31
2026-05-06T21:34:54.471894Z,13940.077167,26.407,0
2026-05-06T21:34:55.473436Z,13943.744089,24.637,19
2026-05-06T21:34:56.474928Z,13946.72986,24.184,0
2026-05-06T21:34:57.475409Z,13950.734976,24.696,2
2026-05-06T21:34:58.476934Z,13953.278427,23.256,2
2026-05-06T21:34:59.478458Z,13955.907388,23.036,0
2026-05-06T21:35:00.479466Z,13958.488497,23.255,0
2026-05-06T21:35:01.480988Z,13961.064479,23.314,0
2026-05-06T21:35:02.482521Z,13964.07033,23.399,2
2026-05-06T21:35:03.484053Z,13966.712719,23.281,2
2026-05-06T21:35:04.485586Z,13969.466801,23.357,2
2026-05-06T21:35:05.487111Z,13974.726431,23.201,0
2026-05-06T21:35:06.488782Z,13977.342086,23.234,0
2026-05-06T21:35:07.490327Z,13980.519141,23.38,0
2026-05-06T21:35:08.491477Z,13983.099151,23.303,1
2026-05-06T21:35:09.492995Z,13986.071556,23.186,2
2026-05-06T21:35:10.494518Z,13988.588151,23.234,2
2026-05-06T21:35:11.495466Z,13991.304575,23.198,0
2026-05-06T21:35:12.496987Z,13994.151369,23.44,0
2026-05-06T21:35:13.498518Z,13996.833552,23.465,0
2026-05-06T21:35:14.499461Z,13999.348194,23.39,2
2026-05-06T21:35:15.500982Z,14002.114239,23.403,2
2026-05-06T21:35:16.502457Z,14008.201504,25.839,15
2026-05-06T21:35:17.503480Z,14012.756485,27.885,17
2026-05-06T21:35:18.505021Z,14018.802612,24.767,2
2026-05-06T21:35:19.506547Z,14023.328846,26.137,34
2026-05-06T21:35:20.508026Z,14027.156106,27.881,3
2026-05-06T21:35:21.509503Z,14031.268523,24.677,39
2026-05-06T21:35:22.510954Z,14035.289142,25.623,8
2026-05-06T21:35:23.511427Z,14041.643313,27.773,20
2026-05-06T21:35:24.512770Z,14046.433462,25.828,0
2026-05-06T21:35:25.514352Z,14051.237283,27.387,31
2026-05-06T21:35:26.516034Z,14055.338224,27.955,3
2026-05-06T21:35:27.517723Z,14058.410543,23.623,2
2026-05-06T21:35:28.519342Z,14065.107547,25.867,5
2026-05-06T21:35:29.520782Z,14069.587272,30.011,25
2026-05-06T21:35:30.522364Z,14073.038618,27.411,0
2026-05-06T21:35:31.523469Z,14077.178684,24.313,21
2026-05-06T21:35:32.525100Z,14081.027123,27.29,28
2026-05-06T21:35:33.526635Z,14086.565134,26.193,11
2026-05-06T21:35:34.527480Z,14090.078309,27.391,19
2026-05-06T21:35:35.529032Z,14097.290815,25.159,1
2026-05-06T21:35:36.530575Z,14102.217621,23.785,0
2026-05-06T21:35:37.531466Z,14106.24703,23.527,7
2026-05-06T21:35:38.532940Z,14110.037425,29.427,5
2026-05-06T21:35:39.534382Z,14115.472348,27.227,41
2026-05-06T21:35:40.535409Z,14122.108317,27.826,3
2026-05-06T21:35:41.536680Z,14137.972717,27.122,23
2026-05-06T21:35:42.538167Z,14143.702012,27.212,17
2026-05-06T21:35:43.539377Z,14153.85201,25.617,11
2026-05-06T21:35:44.540758Z,14164.82653,27.385,6
2026-05-06T21:35:45.542451Z,14169.799052,25.747,7
2026-05-06T21:35:46.544154Z,14175.636195,24.944,9
2026-05-06T21:35:47.545877Z,14181.445751,25.225,9
2026-05-06T21:35:48.547452Z,14193.939676,24.919,11
2026-05-06T21:35:49.548889Z,14199.531703,24.977,8
2026-05-06T21:35:50.550399Z,14204.739514,25.06,6
2026-05-06T21:35:51.551391Z,14209.704589,25.33,9
2026-05-06T21:35:52.552873Z,14215.581955,25.398,4
2026-05-06T21:35:53.554322Z,14219.580358,25.016,6
2026-05-06T21:35:54.555439Z,14224.643211,24.682,6
2026-05-06T21:35:55.556831Z,14229.963693,26.083,10
2026-05-06T21:35:56.558389Z,14237.63921,26.333,11
2026-05-06T21:35:57.559497Z,14241.78544,25.108,17
2026-05-06T21:35:58.560955Z,14249.087972,27.028,1
2026-05-06T21:35:59.562208Z,14255.073248,26.868,7
2026-05-06T21:36:00.563657Z,14262.003345,24.888,4
2026-05-06T21:36:01.565353Z,14266.275062,25.056,7
2026-05-06T21:36:02.566871Z,14270.733303,25.586,7
2026-05-06T21:36:03.568584Z,14285.253957,24.972,0
2026-05-06T21:36:04.569757Z,14308.201224,24.222,3
2026-05-06T21:36:05.571025Z,14317.973172,25.383,1
2026-05-06T21:36:06.572701Z,14321.579242,23.846,3
2026-05-06T21:36:07.574164Z,14324.864329,23.492,0
2026-05-06T21:36:08.575558Z,14327.909975,23.588,3
2026-05-06T21:36:09.577109Z,14337.116556,23.48,3
2026-05-06T21:36:10.578658Z,14340.416596,23.386,2
2026-05-06T21:36:11.579476Z,14343.565636,23.432,0
2026-05-06T21:36:12.580979Z,14347.137526,23.728,2
2026-05-06T21:36:13.582531Z,14350.612798,24.995,4
2026-05-06T21:36:14.584083Z,14354.626093,25.258,3
2026-05-06T21:36:15.585632Z,14374.839787,24.826,29
2026-05-06T21:36:16.587095Z,14380.014029,26.406,9
2026-05-06T21:36:17.587373Z,14391.967428,25.769,17
2026-05-06T21:36:18.588623Z,14400.435546,25.919,15
2026-05-06T21:36:19.589878Z,14408.858804,26.116,13
2026-05-06T21:36:20.591083Z,14418.135818,26.2,12
2026-05-06T21:36:21.591423Z,14429.096545,26.075,11
2026-05-06T21:36:22.592692Z,14441.078204,26.515,15
2026-05-06T21:36:23.594180Z,14451.777273,26.242,15
2026-05-06T21:36:24.595370Z,14466.550428,26.307,14
2026-05-06T21:36:25.596168Z,14479.114056,29.174,26
2026-05-06T21:36:26.597415Z,14490.595228,27.916,14
2026-05-06T21:36:27.598647Z,14504.76078,26.397,16
2026-05-06T21:36:28.599378Z,14516.917792,26.24,13
2026-05-06T21:36:29.600623Z,14526.675763,26.567,32
2026-05-06T21:36:30.601921Z,14543.413452,25.873,2
2026-05-06T21:36:31.603394Z,14553.489354,27.544,5
2026-05-06T21:36:32.604651Z,14559.873554,28.889,28
2026-05-06T21:36:33.606152Z,14564.89649,29.405,34
2026-05-06T21:36:34.607383Z,14577.824436,29.417,5
2026-05-06T21:36:35.608740Z,14588.585028,29.922,34
2026-05-06T21:36:36.610296Z,14594.217582,25.438,8
2026-05-06T21:36:37.611478Z,14600.133888,24.633,8
2026-05-06T21:36:38.613038Z,14604.756557,25.029,10
2026-05-06T21:36:39.614544Z,14609.775281,24.902,12
2026-05-06T21:36:40.615459Z,14616.166867,24.716,4
2026-05-06T21:36:41.617050Z,14620.624131,24.498,6
2026-05-06T21:36:42.618731Z,14625.293308,24.694,7
2026-05-06T21:36:43.620418Z,14631.625018,24.923,9
2026-05-06T21:36:44.622049Z,14636.216803,24.902,9
2026-05-06T21:36:45.623532Z,14640.862116,24.771,9
2026-05-06T21:36:46.625124Z,14646.908365,24.201,4
2026-05-06T21:36:47.626686Z,14673.626742,23.839,5
2026-05-06T21:36:48.627463Z,14689.949087,24.409,20
2026-05-06T21:36:49.628997Z,14693.281049,23.741,3
2026-05-06T21:36:50.630472Z,14708.741947,24.109,29
2026-05-06T21:36:51.631464Z,14712.354304,25.999,3
2026-05-06T21:36:52.632727Z,14730.538278,24.574,15
2026-05-06T21:36:53.633970Z,14741.404217,26.359,14
2026-05-06T21:36:54.635182Z,14759.882441,25.619,7
2026-05-06T21:36:55.635405Z,14779.062751,25.178,5
2026-05-06T21:36:56.636298Z,14791.492834,24.686,0
2026-05-06T21:36:57.637562Z,14795.644312,26.494,20
2026-05-06T21:36:58.639117Z,14802.187142,25.081,10
2026-05-06T21:36:59.640675Z,14805.729187,24.334,25
2026-05-06T21:37:00.642147Z,14814.817664,23.541,2
2026-05-06T21:37:01.643583Z,14819.957483,28.735,23
2026-05-06T21:37:02.644876Z,14823.448929,25.164,6
2026-05-06T21:37:03.646424Z,14827.896488,24.639,8
2026-05-06T21:37:04.647377Z,14831.528925,27.069,6
2026-05-06T21:37:05.648739Z,14837.14207,23.35,2
2026-05-06T21:37:06.650210Z,14841.109345,24.412,9
2026-05-06T21:37:07.651478Z,14845.671406,24.672,5
2026-05-06T21:37:08.652938Z,14848.770214,23.651,2
2026-05-06T21:37:09.654044Z,14858.417406,26.497,29
2026-05-06T21:37:10.655529Z,14863.65128,29.772,3
2026-05-06T21:37:11.656793Z,14868.497092,28.681,22
2026-05-06T21:37:12.658319Z,14873.751595,29.28,26
2026-05-06T21:37:13.659454Z,14890.431851,25.712,20
2026-05-06T21:37:14.660996Z,14893.729144,26.208,5
2026-05-06T21:37:15.662542Z,14898.300056,25.004,18
2026-05-06T21:37:16.663370Z,14905.789111,24.811,18
2026-05-06T21:37:17.664616Z,14915.896995,26.638,16
2026-05-06T21:37:18.665867Z,14925.71124,26.444,14
2026-05-06T21:37:19.667104Z,14935.920504,25.716,13
2026-05-06T21:37:20.667421Z,14947.176639,25.641,16
2026-05-06T21:37:21.668701Z,14974.117244,25.977,15
2026-05-06T21:37:22.669942Z,14986.836267,26.077,15
2026-05-06T21:37:23.671234Z,14996.541992,25.979,13
2026-05-06T21:37:24.672553Z,15004.473185,25.917,7
2026-05-06T21:37:25.673805Z,15015.430005,24.994,7
2026-05-06T21:37:26.675011Z,15020.983762,24.215,8
2026-05-06T21:37:27.675370Z,15038.386672,23.96,0
2026-05-06T21:37:28.676533Z,15054.374485,24.826,2
2026-05-06T21:37:29.677823Z,15062.504225,24.08,0
2026-05-06T21:37:30.679407Z,15065.041511,23.063,2
2026-05-06T21:37:31.680938Z,15067.685791,23.369,2
2026-05-06T21:37:32.682467Z,15072.501392,24.884,7
2026-05-06T21:37:33.683993Z,15075.201214,23.641,0
2026-05-06T21:37:34.685526Z,15077.896825,23.974,4
2026-05-06T21:37:35.687065Z,15080.842435,23.753,2
2026-05-06T21:37:36.687983Z,15083.682149,23.431,2
2026-05-06T21:37:37.689468Z,15088.257333,24.214,0
2026-05-06T21:37:38.690912Z,15092.041564,27.332,22
2026-05-06T21:37:39.692193Z,15101.340857,28.982,18
2026-05-06T21:37:40.693743Z,15104.032744,24.263,1
2026-05-06T21:37:41.695289Z,15106.732811,23.277,0
2026-05-06T21:37:42.696846Z,15109.358414,23.204,0
2026-05-06T21:37:43.698404Z,15112.241402,23.353,0
2026-05-06T21:37:44.699951Z,15114.876955,23.305,2
2026-05-06T21:37:45.701605Z,15117.701166,23.374,3
2026-05-06T21:37:46.702503Z,15121.594223,24.352,35
2026-05-06T21:37:47.703649Z,15125.109289,28.657,2
2026-05-06T21:37:48.705198Z,15127.917388,24.197,1
2026-05-06T21:37:49.706735Z,15130.77645,23.167,0
2026-05-06T21:37:50.708290Z,15134.066664,23.075,2
2026-05-06T21:37:51.709787Z,15137.834721,24.828,2
2026-05-06T21:37:52.711317Z,15141.002864,24.863,0
2026-05-06T21:37:53.712875Z,15144.501513,23.918,20
