model,seed,accuracy,f1,train_time_s,infer_time_s,n_test_samples,wall_train_start_iso,wall_train_end_iso,wall_infer_start_iso,wall_infer_end_iso,energy_train_cpu_kwh,energy_train_gpu_kwh,energy_train_kwh,energy_train_duration_s,energy_train_n_samples,energy_infer_cpu_kwh,energy_infer_gpu_kwh,energy_infer_kwh,energy_infer_duration_s,energy_infer_n_samples
DistilBERT,0,0.4010212097407698,0.3421148458880628,26.118155241012573,0.476543664932251,2546,2026-05-07T22:23:54.084088+00:00,2026-05-07T22:24:20.202253+00:00,2026-05-07T22:24:20.622910+00:00,2026-05-07T22:24:21.099460+00:00,0.00029730668653548433,0.0020467749622051384,0.002344081648740623,26.118165,27,5.697832751260431e-06,3.7443063e-05,4.314089575126043e-05,0.47655,4
DistilBERT,1,0.3845247446975648,0.3509541537282163,25.527247428894043,0.4774224758148193,2546,2026-05-07T22:24:21.580606+00:00,2026-05-07T22:24:47.107876+00:00,2026-05-07T22:24:47.540034+00:00,2026-05-07T22:24:48.017463+00:00,0.00026262743537991894,0.00196374830072625,0.0022263757361061687,25.52727,25,5.296126329439592e-06,3.596260466333333e-05,4.125873099277292e-05,0.477429,4
DistilBERT,2,0.3864886095836606,0.3459068519210486,25.5709490776062,0.4886603355407715,2546,2026-05-07T22:24:48.542874+00:00,2026-05-07T22:25:14.113840+00:00,2026-05-07T22:25:14.548523+00:00,2026-05-07T22:25:15.037191+00:00,0.0002559707850761815,0.0019596169654904167,0.0022155877505665982,25.570966,25,5.599343039018421e-06,3.6922260927777774e-05,4.2521603966796194e-05,0.488668,4
DistilBERT,3,0.3959151610369206,0.3462540878785003,25.57655930519104,0.4891712665557861,2546,2026-05-07T22:25:15.548364+00:00,2026-05-07T22:25:41.124940+00:00,2026-05-07T22:25:41.575795+00:00,2026-05-07T22:25:42.064972+00:00,0.00025811467087649676,0.001963496796549861,0.002221611467426358,25.576576,25,5.537219210748943e-06,3.7012116968124996e-05,4.254933617887394e-05,0.489177,4
DistilBERT,4,0.4112333071484682,0.344709571641737,25.57769227027893,0.4863414764404297,2546,2026-05-07T22:25:42.569695+00:00,2026-05-07T22:26:08.147409+00:00,2026-05-07T22:26:08.599582+00:00,2026-05-07T22:26:09.085931+00:00,0.0002612474561565273,0.001960090564994167,0.0022213380211506947,25.577714,25,5.676286127654512e-06,3.7187325315555556e-05,4.286361144321007e-05,0.486349,4
DistilBERT,5,0.3959151610369206,0.3409704912219427,25.5751895904541,0.490431547164917,2546,2026-05-07T22:26:09.599970+00:00,2026-05-07T22:26:35.175201+00:00,2026-05-07T22:26:35.641163+00:00,2026-05-07T22:26:36.131601+00:00,0.0002679050275892443,0.001961144482423611,0.0022290495100128556,25.575231,25,5.873924865423967e-06,3.7972604906527776e-05,4.3846529771951744e-05,0.490438,4
DistilBERT,6,0.4300864100549882,0.2798909528672909,25.54764032363892,0.4955606460571289,2546,2026-05-07T22:26:36.620919+00:00,2026-05-07T22:27:02.168592+00:00,2026-05-07T22:27:02.626298+00:00,2026-05-07T22:27:03.121865+00:00,0.00026970989572768037,0.0019646874960987503,0.0022343973918264306,25.547673,25,6.0100677016213985e-06,3.7997083509375e-05,4.40071512109964e-05,0.495567,4
DistilBERT,7,0.4128043990573448,0.3348527239296471,25.50549554824829,0.504230260848999,2546,2026-05-07T22:27:03.613554+00:00,2026-05-07T22:27:29.119071+00:00,2026-05-07T22:27:29.581751+00:00,2026-05-07T22:27:30.085988+00:00,0.00026769296995001265,0.0019691482740805556,0.002236841244030568,25.505517,25,6.011485131799661e-06,3.8403635364375e-05,4.4415120496174664e-05,0.504237,4
DistilBERT,8,0.3747054202670856,0.333463035585072,25.62157678604126,0.5020794868469238,2546,2026-05-07T22:27:30.590046+00:00,2026-05-07T22:27:56.211642+00:00,2026-05-07T22:27:56.687054+00:00,2026-05-07T22:27:57.189139+00:00,0.00027181159166391464,0.001964777275445417,0.0022365888671093317,25.621596,25,6.232997498878083e-06,3.8117839928819436e-05,4.435083742769752e-05,0.502085,4
DistilBERT,9,0.3900235663786331,0.3343122888368102,25.64586901664734,0.5085282325744629,2546,2026-05-07T22:27:57.712318+00:00,2026-05-07T22:28:23.358216+00:00,2026-05-07T22:28:23.832093+00:00,2026-05-07T22:28:24.340627+00:00,0.0002801065193394866,0.0019598536086705555,0.002239960128010042,25.645898,25,6.526706270796461e-06,3.816417005013889e-05,4.469087632093535e-05,0.508534,4
BERT-base,0,0.4029850746268656,0.3397522866918405,45.70479798316956,0.8475227355957031,2546,2026-05-07T22:28:24.989033+00:00,2026-05-07T22:29:10.693845+00:00,2026-05-07T22:29:11.510084+00:00,2026-05-07T22:29:12.357612+00:00,0.0005014483380203615,0.003817685227056667,0.004319133565077028,45.704812,46,1.0490916442295552e-05,7.107699402222221e-05,8.156791046451776e-05,0.847528,4
BERT-base,1,0.401413982717989,0.3478805568525974,45.82152605056763,0.8399515151977539,2546,2026-05-07T22:29:13.071055+00:00,2026-05-07T22:29:58.892630+00:00,2026-05-07T22:29:59.714467+00:00,2026-05-07T22:30:00.554424+00:00,0.0005022358156236222,0.003818810055381389,0.004321045871005011,45.821575,46,1.0338788017702533e-05,6.802877072988888e-05,7.836755874759141e-05,0.839957,5
BERT-base,2,0.4010212097407698,0.3439447906623871,45.93580389022827,0.855445146560669,2546,2026-05-07T22:30:01.177851+00:00,2026-05-07T22:30:47.113674+00:00,2026-05-07T22:30:47.933555+00:00,2026-05-07T22:30:48.789007+00:00,0.0005171074908711257,0.003807924561738472,0.004325032052609598,45.935823,46,1.0568665948528493e-05,6.89961008591111e-05,7.95647668076396e-05,0.855452,5
BERT-base,3,0.401413982717989,0.3287142529313124,46.31859564781189,0.8528692722320557,2546,2026-05-07T22:30:49.411021+00:00,2026-05-07T22:31:35.729639+00:00,2026-05-07T22:31:36.541117+00:00,2026-05-07T22:31:37.393993+00:00,0.0005523135844679966,0.0038668078098022226,0.004419121394270219,46.318618,47,1.0518576750316908e-05,7.2335114334e-05,8.28536910843169e-05,0.852876,5
BERT-base,4,0.420267085624509,0.30487536162928,45.84682035446167,0.8516671657562256,2546,2026-05-07T22:31:38.065302+00:00,2026-05-07T22:32:23.912161+00:00,2026-05-07T22:32:24.733312+00:00,2026-05-07T22:32:25.584985+00:00,0.0005214061877237033,0.003813613077104028,0.004335019264827732,45.846859,46,1.1060383854637526e-05,7.000261165145835e-05,8.106299550609587e-05,0.851673,4
BERT-base,5,0.3837391987431264,0.3324315236981686,46.55336380004883,0.8633716106414795,2546,2026-05-07T22:32:26.222640+00:00,2026-05-07T22:33:12.776024+00:00,2026-05-07T22:33:13.610495+00:00,2026-05-07T22:33:14.473873+00:00,0.0005908800165563939,0.0038736886602700007,0.004464568676826395,46.553384,47,1.1535167953550458e-05,6.951593490977777e-05,8.105110286332823e-05,0.863378,5
BERT-base,6,0.4080911233307148,0.3122374187508689,46.141719818115234,0.8743228912353516,2546,2026-05-07T22:33:15.122676+00:00,2026-05-07T22:34:01.264410+00:00,2026-05-07T22:34:02.122970+00:00,2026-05-07T22:34:02.997300+00:00,0.0005418018645801564,0.003808096416061112,0.0043498982806412685,46.141734,46,1.1177210547924957e-05,7.051005140666667e-05,8.168726195459162e-05,0.87433,5
BERT-base,7,0.4363707776904948,0.2651396959333551,46.03005361557007,0.8813691139221191,2546,2026-05-07T22:34:03.673240+00:00,2026-05-07T22:34:49.703318+00:00,2026-05-07T22:34:50.548591+00:00,2026-05-07T22:34:51.429969+00:00,0.0005384559302781328,0.003791154930076805,0.004329610860354938,46.030078,46,1.1575906102634921e-05,7.009912612844443e-05,8.167503223107936e-05,0.881378,5
BERT-base,8,0.3955223880597014,0.3541519727200581,46.01279950141907,0.8759918212890625,2546,2026-05-07T22:34:52.076695+00:00,2026-05-07T22:35:38.089519+00:00,2026-05-07T22:35:38.935814+00:00,2026-05-07T22:35:39.811812+00:00,0.0005467027532891566,0.003812984593140277,0.004359687346429434,46.012824,46,1.1933948905017872e-05,7.211854284541668e-05,8.405249175043455e-05,0.875998,4
BERT-base,9,0.3798114689709348,0.342565354827448,45.99187755584717,0.8926434516906738,2546,2026-05-07T22:35:40.441173+00:00,2026-05-07T22:36:26.433064+00:00,2026-05-07T22:36:27.297618+00:00,2026-05-07T22:36:28.190268+00:00,0.0005520981189645078,0.0038098988680556945,0.0043619969870202025,45.991891,46,1.1955483117602012e-05,7.018624277500002e-05,8.214172589260203e-05,0.89265,5
RoBERTa-base,0,0.4261586802827965,0.2844866297161717,48.61347317695618,0.8818597793579102,2546,2026-05-07T22:36:28.779707+00:00,2026-05-07T22:37:17.393194+00:00,2026-05-07T22:37:18.258353+00:00,2026-05-07T22:37:19.140219+00:00,0.0005891411426502083,0.0040061223239401395,0.0045952634665903476,48.613487,49,1.1833832417315592e-05,6.709804841644444e-05,7.893188083376004e-05,0.881866,5
RoBERTa-base,1,0.4363707776904948,0.2651396959333551,48.7372510433197,0.90209698677063,2546,2026-05-07T22:37:19.737892+00:00,2026-05-07T22:38:08.475161+00:00,2026-05-07T22:38:09.347931+00:00,2026-05-07T22:38:10.250038+00:00,0.0005979774384290065,0.003992702565541111,0.004590680003970117,48.737269,49,1.2036152859725304e-05,6.814676652577778e-05,8.018291938550308e-05,0.902107,5
RoBERTa-base,2,0.4363707776904948,0.2651396959333551,48.832515001297,0.8963704109191895,2546,2026-05-07T22:38:10.931232+00:00,2026-05-07T22:38:59.763771+00:00,2026-05-07T22:39:00.632438+00:00,2026-05-07T22:39:01.528815+00:00,0.0005933572407191622,0.0039803481668397225,0.004573705407558885,48.832539,49,1.2078057382587738e-05,6.801384984305556e-05,8.00919072256433e-05,0.896377,5
RoBERTa-base,3,0.4265514532600157,0.286615198200747,48.983577251434326,0.8962512016296387,2546,2026-05-07T22:39:02.149395+00:00,2026-05-07T22:39:51.132990+00:00,2026-05-07T22:39:52.012096+00:00,2026-05-07T22:39:52.908355+00:00,0.0005909250367580239,0.003991731713706388,0.004582656750464412,48.983595,49,1.2086467266767621e-05,7.127863180316669e-05,8.33650990699343e-05,0.896259,5
RoBERTa-base,4,0.4230164964650432,0.2863237372532924,48.99293923377991,0.9214670658111572,2546,2026-05-07T22:39:53.539676+00:00,2026-05-07T22:40:42.532639+00:00,2026-05-07T22:40:43.415670+00:00,2026-05-07T22:40:44.337143+00:00,0.0006100737294478402,0.003996692263239861,0.004606765992687701,48.992963,49,1.276219415417376e-05,7.243177084966668e-05,8.519396500384044e-05,0.921473,5
RoBERTa-base,5,0.4363707776904948,0.2651396959333551,49.0868661403656,0.9218175411224364,2546,2026-05-07T22:40:45.017792+00:00,2026-05-07T22:41:34.104672+00:00,2026-05-07T22:41:34.981991+00:00,2026-05-07T22:41:35.903814+00:00,0.0006122219276117828,0.00400074254532125,0.004612964472933033,49.08688,49,1.2230410457557291e-05,6.753920574099999e-05,7.976961619855728e-05,0.921823,5
RoBERTa-base,6,0.4359780047132757,0.276329994279013,49.11880588531494,0.9299485683441162,2546,2026-05-07T22:41:36.554722+00:00,2026-05-07T22:42:25.673541+00:00,2026-05-07T22:42:26.570443+00:00,2026-05-07T22:42:27.500398+00:00,0.0006184131638357212,0.003993164905375417,0.0046115780692111375,49.118819,49,1.115761266090422e-05,6.986478094916664e-05,8.102239361007086e-05,0.929955,5
RoBERTa-base,7,0.4344069128043991,0.2823293327195691,49.02987003326416,0.940838098526001,2546,2026-05-07T22:42:28.195916+00:00,2026-05-07T22:43:17.225809+00:00,2026-05-07T22:43:18.133556+00:00,2026-05-07T22:43:19.074400+00:00,0.0005931926728748883,0.003988870075461111,0.004582062748335999,49.029893,49,1.1683907919269066e-05,6.882786097288891e-05,8.051176889215798e-05,0.940844,5
RoBERTa-base,8,0.427336999214454,0.2839955816783352,49.08701038360596,0.926417350769043,2546,2026-05-07T22:43:19.742108+00:00,2026-05-07T22:44:08.829133+00:00,2026-05-07T22:44:09.717682+00:00,2026-05-07T22:44:10.644105+00:00,0.0005948908270379747,0.0039865036480802776,0.004581394475118252,49.087025,49,1.2615656384849945e-05,6.939181050105555e-05,8.20074668859055e-05,0.926423,5
RoBERTa-base,9,0.4340141398271799,0.2774843753223488,49.16027617454529,0.9595901966094972,2546,2026-05-07T22:44:11.301451+00:00,2026-05-07T22:45:00.461745+00:00,2026-05-07T22:45:01.372770+00:00,2026-05-07T22:45:02.332366+00:00,0.0005886610047408762,0.003978357300080556,0.004567018304821432,49.160294,49,1.3058692359249315e-05,7.416264341444444e-05,8.722133577369376e-05,0.959596,5
FinBERT,0,0.3880597014925373,0.3337257701487942,46.62071824073792,0.9467761516571044,2546,2026-05-07T22:45:03.208987+00:00,2026-05-07T22:45:49.829724+00:00,2026-05-07T22:45:50.749793+00:00,2026-05-07T22:45:51.696577+00:00,0.0005937477591135206,0.0038577352051987505,0.004451482964312271,46.620737,47,1.1918830030292877e-05,7.04246868711111e-05,8.234351690140397e-05,0.946784,5
FinBERT,1,0.3845247446975648,0.3254800146437046,46.71913647651672,0.9934756755828856,2546,2026-05-07T22:45:52.570375+00:00,2026-05-07T22:46:39.289535+00:00,2026-05-07T22:46:40.268457+00:00,2026-05-07T22:46:41.261939+00:00,0.0005707461957848766,0.0038012382913531952,0.004371984487138072,46.71916,46,1.2389979980094677e-05,7.82137470271111e-05,9.060372700720578e-05,0.993482,5
FinBERT,2,0.4253731343283582,0.2821776646973789,46.754576683044434,0.9948327541351318,2546,2026-05-07T22:46:42.126786+00:00,2026-05-07T22:47:28.881383+00:00,2026-05-07T22:47:29.836928+00:00,2026-05-07T22:47:30.831767+00:00,0.000586376905876123,0.0038455985694552776,0.0044319754753314,46.754597,47,1.3267695841142492e-05,7.328685988183334e-05,8.655455572297583e-05,0.994839,5
FinBERT,3,0.3970934799685782,0.3335925315216778,46.658469438552856,0.9925427436828612,2546,2026-05-07T22:47:31.730452+00:00,2026-05-07T22:48:18.388936+00:00,2026-05-07T22:48:19.352730+00:00,2026-05-07T22:48:20.345279+00:00,0.0005703598425979599,0.0037913453029138895,0.0043617051455118495,46.658484,46,1.216625548844327e-05,7.861175561477778e-05,9.077801110322105e-05,0.992549,5
FinBERT,4,0.4112333071484682,0.3224402752862552,46.72203421592712,0.9738492965698242,2546,2026-05-07T22:48:21.223164+00:00,2026-05-07T22:49:07.945212+00:00,2026-05-07T22:49:08.886083+00:00,2026-05-07T22:49:09.859940+00:00,0.0005738338791445004,0.003859075599925694,0.004432909479070195,46.722048,47,1.274558625206003e-05,7.171785925733333e-05,8.446344550939335e-05,0.973857,5
FinBERT,5,0.3680282796543598,0.3365864700751357,46.5610134601593,0.9995527267456056,2546,2026-05-07T22:49:10.754175+00:00,2026-05-07T22:49:57.315202+00:00,2026-05-07T22:49:58.268057+00:00,2026-05-07T22:49:59.267615+00:00,0.0005773797441823358,0.0037957188608419446,0.00437309860502428,46.561027,46,1.360537388590122e-05,7.4058696026e-05,8.766406991190121e-05,0.999558,5
FinBERT,6,0.384917517674784,0.3343065777732363,46.61832332611084,1.0339813232421875,2546,2026-05-07T22:50:00.139222+00:00,2026-05-07T22:50:46.757566+00:00,2026-05-07T22:50:47.716868+00:00,2026-05-07T22:50:48.750856+00:00,0.0005724634384173383,0.003794783822515278,0.004367247260932616,46.618344,46,1.5693534284232667e-05,7.971524741622221e-05,9.540878170045489e-05,1.033988,5
FinBERT,7,0.3794186959937156,0.3391336870958483,46.70429587364197,1.0015418529510498,2546,2026-05-07T22:50:49.697075+00:00,2026-05-07T22:51:36.401386+00:00,2026-05-07T22:51:37.390722+00:00,2026-05-07T22:51:38.392269+00:00,0.0005864791508314373,0.003839910525194445,0.004426389676025882,46.704311,47,1.2573298132557663e-05,7.070293071049999e-05,8.327622884305766e-05,1.001547,5
FinBERT,8,0.4029850746268656,0.3401054581200998,46.91454315185547,1.015841722488403,2546,2026-05-07T22:51:39.303147+00:00,2026-05-07T22:52:26.217709+00:00,2026-05-07T22:52:27.203873+00:00,2026-05-07T22:52:28.219721+00:00,0.0005648939701479007,0.0038467966398218053,0.004411690609969706,46.914562,47,1.2280213787114364e-05,7.2156078492e-05,8.443629227911437e-05,1.015848,5
FinBERT,9,0.3747054202670856,0.3437319496633207,47.0289888381958,1.0205645561218262,2546,2026-05-07T22:52:29.123733+00:00,2026-05-07T22:53:16.152738+00:00,2026-05-07T22:53:17.140081+00:00,2026-05-07T22:53:18.160652+00:00,0.0005726967298379813,0.0038506148600229175,0.004423311589860899,47.029005,47,1.418259021680653e-05,7.504621432688888e-05,8.922880454369541e-05,1.020571,5
