model,seed,mse,rmse,mae,r2,train_time_s,infer_time_s,n_test_samples,wall_train_start_iso,wall_train_end_iso,wall_infer_start_iso,wall_infer_end_iso,energy_train_cpu_kwh,energy_train_gpu_kwh,energy_train_kwh,energy_train_duration_s,energy_train_n_samples,energy_infer_cpu_kwh,energy_infer_gpu_kwh,energy_infer_kwh,energy_infer_duration_s,energy_infer_n_samples
Linear Regression,0,0.005647076821901,0.0751470346846837,0.0572568378940542,-0.0130986060672892,0.0005831718444824,6.222724914550781e-05,622,2026-05-07T22:54:10.014561+00:00,2026-05-07T22:54:10.015151+00:00,2026-05-07T22:54:10.015156+00:00,2026-05-07T22:54:10.015220+00:00,8.861580448530444e-09,1.1652786805555558e-08,2.0514367254086004e-08,0.00059,4,9.612561842473702e-10,1.2640311111111112e-09,2.2252872953584814e-09,6.4e-05,4
Linear Regression +NLP,0,0.0056205454800683,0.074970297318794,0.056896970680794,-0.0083388221515587,0.0004799365997314,4.553794860839844e-05,622,2026-05-07T22:54:10.015670+00:00,2026-05-07T22:54:10.016154+00:00,2026-05-07T22:54:10.016157+00:00,2026-05-07T22:54:10.016204+00:00,7.2694998933707365e-09,9.55923527777778e-09,1.6828735171148516e-08,0.000484,4,7.059225103066623e-10,9.282728472222223e-10,1.6341953575288846e-09,4.7e-05,4
Linear Regression,1,0.005647076821901,0.0751470346846837,0.0572568378940542,-0.0130986060672892,0.0003759860992431,4.9591064453125e-05,622,2026-05-07T22:54:10.016632+00:00,2026-05-07T22:54:10.017012+00:00,2026-05-07T22:54:10.017016+00:00,2026-05-07T22:54:10.017067+00:00,5.707458593968761e-09,7.505184722222225e-09,1.3212643316190986e-08,0.00038,4,7.66001021822123e-10,1.0072747916666668e-09,1.7732758134887898e-09,5.1e-05,4
Linear Regression +NLP,1,0.0056205454800683,0.074970297318794,0.056896970680794,-0.0083388221515587,0.0004305839538574,4.38690185546875e-05,622,2026-05-07T22:54:10.017449+00:00,2026-05-07T22:54:10.017883+00:00,2026-05-07T22:54:10.017886+00:00,2026-05-07T22:54:10.017931+00:00,6.518518499427478e-09,8.571710972222224e-09,1.50902294716497e-08,0.000434,4,6.758832545489322e-10,8.887718750000002e-10,1.5646551295489325e-09,4.5e-05,4
Linear Regression,2,0.005647076821901,0.0751470346846837,0.0572568378940542,-0.0130986060672892,0.0003747940063476,4.458427429199219e-05,622,2026-05-07T22:54:10.018313+00:00,2026-05-07T22:54:10.018691+00:00,2026-05-07T22:54:10.018695+00:00,2026-05-07T22:54:10.018741+00:00,5.67741933821103e-09,7.465683750000001e-09,1.314310308821103e-08,0.000378,4,6.909028824277974e-10,9.085223611111113e-10,1.5994252435389086e-09,4.6e-05,4
Linear Regression +NLP,2,0.0056205454800683,0.074970297318794,0.056896970680794,-0.0083388221515587,0.0004360675811767,4.506111145019531e-05,622,2026-05-07T22:54:10.019102+00:00,2026-05-07T22:54:10.019542+00:00,2026-05-07T22:54:10.019545+00:00,2026-05-07T22:54:10.019591+00:00,6.6086362667006695e-09,8.69021388888889e-09,1.529885015558956e-08,0.00044,4,6.909028824277974e-10,9.085223611111113e-10,1.5994252435389086e-09,4.6e-05,4
Linear Regression,3,0.005647076821901,0.0751470346846837,0.0572568378940542,-0.0130986060672892,0.0003681182861328,4.982948303222656e-05,622,2026-05-07T22:54:10.019951+00:00,2026-05-07T22:54:10.020322+00:00,2026-05-07T22:54:10.020326+00:00,2026-05-07T22:54:10.020377+00:00,5.572281943058974e-09,7.327430347222224e-09,1.28997122902812e-08,0.000371,4,7.66001021822123e-10,1.0072747916666668e-09,1.7732758134887898e-09,5.1e-05,4
Linear Regression +NLP,3,0.0056205454800683,0.074970297318794,0.056896970680794,-0.0083388221515587,0.0004262924194335,4.458427429199219e-05,622,2026-05-07T22:54:10.020759+00:00,2026-05-07T22:54:10.021189+00:00,2026-05-07T22:54:10.021192+00:00,2026-05-07T22:54:10.021238+00:00,6.458439987912019e-09,8.49270902777778e-09,1.49511490156898e-08,0.00043,4,6.909028824277974e-10,9.085223611111113e-10,1.5994252435389086e-09,4.6e-05,4
Linear Regression,4,0.005647076821901,0.0751470346846837,0.0572568378940542,-0.0130986060672892,0.0003738403320312,4.38690185546875e-05,622,2026-05-07T22:54:10.021607+00:00,2026-05-07T22:54:10.021985+00:00,2026-05-07T22:54:10.021988+00:00,2026-05-07T22:54:10.022034+00:00,5.67741933821103e-09,7.465683750000001e-09,1.314310308821103e-08,0.000378,4,6.909028824277974e-10,9.085223611111113e-10,1.5994252435389086e-09,4.6e-05,4
Linear Regression +NLP,4,0.0056205454800683,0.074970297318794,0.056896970680794,-0.0083388221515587,0.0004220008850097,4.9591064453125e-05,622,2026-05-07T22:54:10.022389+00:00,2026-05-07T22:54:10.022815+00:00,2026-05-07T22:54:10.022818+00:00,2026-05-07T22:54:10.022869+00:00,6.3983614763965574e-09,8.413707083333336e-09,1.4812068559729892e-08,0.000426,4,7.66001021822123e-10,1.0072747916666668e-09,1.7732758134887898e-09,5.1e-05,4
Linear Regression,5,0.005647076821901,0.0751470346846837,0.0572568378940542,-0.0130986060672892,0.0003736019134521,4.1961669921875e-05,622,2026-05-07T22:54:10.023261+00:00,2026-05-07T22:54:10.023639+00:00,2026-05-07T22:54:10.023642+00:00,2026-05-07T22:54:10.023685+00:00,5.67741933821103e-09,7.465683750000001e-09,1.314310308821103e-08,0.000378,4,6.458439987912018e-10,8.492709027777779e-10,1.4951149015689798e-09,4.3e-05,4
Linear Regression +NLP,5,0.0056205454800683,0.074970297318794,0.056896970680794,-0.0083388221515587,0.000417947769165,4.482269287109375e-05,622,2026-05-07T22:54:10.024042+00:00,2026-05-07T22:54:10.024463+00:00,2026-05-07T22:54:10.024467+00:00,2026-05-07T22:54:10.024513+00:00,6.323263337002232e-09,8.314954652777778e-09,1.463821798978001e-08,0.000421,4,6.909028824277974e-10,9.085223611111113e-10,1.5994252435389086e-09,4.6e-05,4
Linear Regression,6,0.005647076821901,0.0751470346846837,0.0572568378940542,-0.0130986060672892,0.0003647804260253,6.866455078125e-05,622,2026-05-07T22:54:10.024883+00:00,2026-05-07T22:54:10.025251+00:00,2026-05-07T22:54:10.025255+00:00,2026-05-07T22:54:10.025325+00:00,5.527223059422379e-09,7.268178888888891e-09,1.2795401948311269e-08,0.000368,4,1.051373951520561e-09,1.3825340277777778e-09,2.4339079792983387e-09,7e-05,4
Linear Regression +NLP,6,0.0056205454800683,0.074970297318794,0.056896970680794,-0.0083388221515587,0.0004258155822753,5.1021575927734375e-05,622,2026-05-07T22:54:10.025717+00:00,2026-05-07T22:54:10.026147+00:00,2026-05-07T22:54:10.026151+00:00,2026-05-07T22:54:10.026203+00:00,6.458439987912019e-09,8.49270902777778e-09,1.49511490156898e-08,0.00043,4,7.810206497009882e-10,1.0270252777777778e-09,1.808045927478766e-09,5.2e-05,4
Linear Regression,7,0.005647076821901,0.0751470346846837,0.0572568378940542,-0.0130986060672892,0.0003669261932373,4.2438507080078125e-05,622,2026-05-07T22:54:10.026618+00:00,2026-05-07T22:54:10.026989+00:00,2026-05-07T22:54:10.026992+00:00,2026-05-07T22:54:10.027036+00:00,5.572281943058974e-09,7.327430347222224e-09,1.28997122902812e-08,0.000371,4,6.60863626670067e-10,8.69021388888889e-10,1.529885015558956e-09,4.4e-05,4
Linear Regression +NLP,7,0.0056205454800683,0.074970297318794,0.056896970680794,-0.0083388221515587,0.0004160404205322,4.315376281738281e-05,622,2026-05-07T22:54:10.027395+00:00,2026-05-07T22:54:10.027815+00:00,2026-05-07T22:54:10.027818+00:00,2026-05-07T22:54:10.027863+00:00,6.308243709123366e-09,8.295204166666668e-09,1.4603447875790034e-08,0.00042,4,6.758832545489322e-10,8.887718750000002e-10,1.5646551295489325e-09,4.5e-05,4
Linear Regression,8,0.005647076821901,0.0751470346846837,0.0572568378940542,-0.0130986060672892,0.0003643035888671,4.363059997558594e-05,622,2026-05-07T22:54:10.028221+00:00,2026-05-07T22:54:10.028589+00:00,2026-05-07T22:54:10.028593+00:00,2026-05-07T22:54:10.028638+00:00,5.527223059422379e-09,7.268178888888891e-09,1.2795401948311269e-08,0.000368,4,6.758832545489322e-10,8.887718750000002e-10,1.5646551295489325e-09,4.5e-05,4
Linear Regression +NLP,8,0.0056205454800683,0.074970297318794,0.056896970680794,-0.0083388221515587,0.0004081726074218,4.2438507080078125e-05,622,2026-05-07T22:54:10.029007+00:00,2026-05-07T22:54:10.029418+00:00,2026-05-07T22:54:10.029421+00:00,2026-05-07T22:54:10.029465+00:00,6.17306705821358e-09,8.117449791666668e-09,1.4290516849880248e-08,0.000411,4,6.60863626670067e-10,8.69021388888889e-10,1.529885015558956e-09,4.4e-05,4
Linear Regression,9,0.005647076821901,0.0751470346846837,0.0572568378940542,-0.0130986060672892,0.0003726482391357,4.220008850097656e-05,622,2026-05-07T22:54:10.029838+00:00,2026-05-07T22:54:10.030215+00:00,2026-05-07T22:54:10.030218+00:00,2026-05-07T22:54:10.030262+00:00,5.662399710332164e-09,7.445933263888889e-09,1.3108332974221053e-08,0.000377,4,6.60863626670067e-10,8.69021388888889e-10,1.529885015558956e-09,4.4e-05,4
Linear Regression +NLP,9,0.0056205454800683,0.074970297318794,0.056896970680794,-0.0083388221515587,0.0004091262817382,4.911422729492188e-05,622,2026-05-07T22:54:10.030643+00:00,2026-05-07T22:54:10.031055+00:00,2026-05-07T22:54:10.031058+00:00,2026-05-07T22:54:10.031109+00:00,6.188086686092445e-09,8.13720027777778e-09,1.4325286963870225e-08,0.000412,4,7.66001021822123e-10,1.0072747916666668e-09,1.7732758134887898e-09,5.1e-05,4
Ridge,0,0.0056466009833184,0.0751438685676915,0.0572680197820301,-0.0130132395281212,0.0004565715789794,5.221366882324219e-05,622,2026-05-07T22:54:10.031506+00:00,2026-05-07T22:54:10.031966+00:00,2026-05-07T22:54:10.031970+00:00,2026-05-07T22:54:10.032024+00:00,6.909028824277974e-09,9.085223611111114e-09,1.5994252435389088e-08,0.00046,4,8.110599054587185e-10,1.06652625e-09,1.8775861554587187e-09,5.4e-05,4
Ridge +NLP,0,0.0056192118906758,0.0749614026728143,0.0569058303316718,-0.0080995731387902,0.000356912612915,5.507469177246094e-05,622,2026-05-07T22:54:10.032414+00:00,2026-05-07T22:54:10.032774+00:00,2026-05-07T22:54:10.032778+00:00,2026-05-07T22:54:10.032835+00:00,5.4070660363914574e-09,7.110175000000002e-09,1.251724103639146e-08,0.00036,4,8.56118789095314e-10,1.1257777083333334e-09,1.9818964974286475e-09,5.7e-05,4
Ridge,1,0.0056466009833184,0.0751438685676915,0.0572680197820301,-0.0130132395281212,0.0003368854522705,4.076957702636719e-05,622,2026-05-07T22:54:10.033288+00:00,2026-05-07T22:54:10.033628+00:00,2026-05-07T22:54:10.033631+00:00,2026-05-07T22:54:10.033674+00:00,5.106673478814154e-09,6.7151652777777794e-09,1.1821838756591934e-08,0.00034,4,6.458439987912018e-10,8.492709027777779e-10,1.4951149015689798e-09,4.3e-05,4
Ridge +NLP,1,0.0056192118906758,0.0749614026728143,0.0569058303316718,-0.0080995731387902,0.0003409385681152,4.3392181396484375e-05,622,2026-05-07T22:54:10.034021+00:00,2026-05-07T22:54:10.034365+00:00,2026-05-07T22:54:10.034368+00:00,2026-05-07T22:54:10.034413+00:00,5.166751990329615e-09,6.7941672222222236e-09,1.1960919212551838e-08,0.000344,4,6.758832545489322e-10,8.887718750000002e-10,1.5646551295489325e-09,4.5e-05,4
Ridge,2,0.0056466009833184,0.0751438685676915,0.0572680197820301,-0.0130132395281212,0.0003080368041992,4.649162292480469e-05,622,2026-05-07T22:54:10.034782+00:00,2026-05-07T22:54:10.035094+00:00,2026-05-07T22:54:10.035097+00:00,2026-05-07T22:54:10.035145+00:00,4.686123898205929e-09,6.162151666666667e-09,1.0848275564872596e-08,0.000312,4,7.209421381855276e-10,9.480233333333335e-10,1.6689654715188611e-09,4.8e-05,4
Ridge +NLP,2,0.0056192118906758,0.0749614026728143,0.0569058303316718,-0.0080995731387902,0.000324010848999,4.172325134277344e-05,622,2026-05-07T22:54:10.035529+00:00,2026-05-07T22:54:10.035857+00:00,2026-05-07T22:54:10.035859+00:00,2026-05-07T22:54:10.035902+00:00,4.926437944267772e-09,6.4781594444444454e-09,1.1404597388712217e-08,0.000328,4,6.458439987912018e-10,8.492709027777779e-10,1.4951149015689798e-09,4.3e-05,4
Ridge,3,0.0056466009833184,0.0751438685676915,0.0572680197820301,-0.0130132395281212,0.0003209114074707,4.220008850097656e-05,622,2026-05-07T22:54:10.036283+00:00,2026-05-07T22:54:10.036608+00:00,2026-05-07T22:54:10.036612+00:00,2026-05-07T22:54:10.036655+00:00,4.881379060631176e-09,6.418907986111111e-09,1.1300287046742286e-08,0.000325,4,6.458439987912018e-10,8.492709027777779e-10,1.4951149015689798e-09,4.3e-05,4
Ridge +NLP,3,0.0056192118906758,0.0749614026728143,0.0569058303316718,-0.0080995731387902,0.0003376007080078,4.315376281738281e-05,622,2026-05-07T22:54:10.037011+00:00,2026-05-07T22:54:10.037352+00:00,2026-05-07T22:54:10.037356+00:00,2026-05-07T22:54:10.037401+00:00,5.1216931066930195e-09,6.73491576388889e-09,1.185660887058191e-08,0.000341,4,6.758832545489322e-10,8.887718750000002e-10,1.5646551295489325e-09,4.5e-05,4
Ridge,4,0.0056466009833184,0.0751438685676915,0.0572680197820301,-0.0130132395281212,0.0003049373626708,4.076957702636719e-05,622,2026-05-07T22:54:10.037771+00:00,2026-05-07T22:54:10.038080+00:00,2026-05-07T22:54:10.038083+00:00,2026-05-07T22:54:10.038125+00:00,4.641065014569334e-09,6.102900208333334e-09,1.0743965222902668e-08,0.000309,4,6.308243709123366e-10,8.295204166666667e-10,1.4603447875790032e-09,4.2e-05,4
Ridge +NLP,4,0.0056192118906758,0.0749614026728143,0.0569058303316718,-0.0080995731387902,0.0003342628479003,4.220008850097656e-05,622,2026-05-07T22:54:10.038482+00:00,2026-05-07T22:54:10.038821+00:00,2026-05-07T22:54:10.038824+00:00,2026-05-07T22:54:10.038868+00:00,5.091653850935289e-09,6.695414791666668e-09,1.1787068642601956e-08,0.000339,4,7.045302028276683e-10,7.864592592592592e-10,1.4909894620869276e-09,4.4e-05,3
Ridge,5,0.0056466009833184,0.0751438685676915,0.0572680197820301,-0.0130132395281212,0.000317096710205,5.53131103515625e-05,622,2026-05-07T22:54:10.039232+00:00,2026-05-07T22:54:10.039552+00:00,2026-05-07T22:54:10.039556+00:00,2026-05-07T22:54:10.039612+00:00,5.123856020564861e-09,5.719703703703704e-09,1.0843559724268564e-08,0.00032,3,8.966748035988505e-10,1.000948148148148e-09,1.8976229517469984e-09,5.6e-05,3
Ridge +NLP,5,0.0056192118906758,0.0749614026728143,0.0569058303316718,-0.0080995731387902,0.0003314018249511,4.458427429199219e-05,622,2026-05-07T22:54:10.039993+00:00,2026-05-07T22:54:10.040328+00:00,2026-05-07T22:54:10.040331+00:00,2026-05-07T22:54:10.040377+00:00,5.364036771528839e-09,5.987814814814815e-09,1.1351851586343654e-08,0.000335,3,7.365543029561988e-10,8.222074074074074e-10,1.5587617103636063e-09,4.6e-05,3
Ridge,6,0.0056466009833184,0.0751438685676915,0.0572680197820301,-0.0130132395281212,0.0003163814544677,4.076957702636719e-05,622,2026-05-07T22:54:10.040738+00:00,2026-05-07T22:54:10.041059+00:00,2026-05-07T22:54:10.041062+00:00,2026-05-07T22:54:10.041104+00:00,5.139868070629126e-09,5.737577777777777e-09,1.0877445848406902e-08,0.000321,3,6.725061026991379e-10,7.507111111111109e-10,1.4232172138102488e-09,4.2e-05,3
Ridge +NLP,6,0.0056192118906758,0.0749614026728143,0.0569058303316718,-0.0080995731387902,0.0003385543823242,4.315376281738281e-05,622,2026-05-07T22:54:10.041460+00:00,2026-05-07T22:54:10.041802+00:00,2026-05-07T22:54:10.041805+00:00,2026-05-07T22:54:10.041850+00:00,5.4761211219786945e-09,6.112933333333333e-09,1.1589054455312029e-08,0.000342,3,7.205422528919336e-10,8.043333333333333e-10,1.524875586225267e-09,4.5e-05,3
Ridge,7,0.0056466009833184,0.0751438685676915,0.0572680197820301,-0.0130132395281212,0.0003116130828857,5.054473876953125e-05,622,2026-05-07T22:54:10.042220+00:00,2026-05-07T22:54:10.042535+00:00,2026-05-07T22:54:10.042539+00:00,2026-05-07T22:54:10.042591+00:00,6.033140067995089e-09,5.875690625e-09,1.1908830692995089e-08,0.000315,4,9.959469318595068e-10,9.699552777777777e-10,1.9659022096372847e-09,5.2e-05,4
Ridge +NLP,7,0.0056192118906758,0.0749614026728143,0.0569058303316718,-0.0080995731387902,0.0003325939178466,4.553794860839844e-05,622,2026-05-07T22:54:10.042973+00:00,2026-05-07T22:54:10.043309+00:00,2026-05-07T22:54:10.043312+00:00,2026-05-07T22:54:10.043359+00:00,6.435349405861428e-09,6.2674033333333326e-09,1.270275273919476e-08,0.000336,4,9.001828037960926e-10,8.766903472222223e-10,1.7768731510183148e-09,4.7e-05,4
Ridge,8,0.0056466009833184,0.0751438685676915,0.0572680197820301,-0.0130132395281212,0.0003259181976318,4.267692565917969e-05,622,2026-05-07T22:54:10.043725+00:00,2026-05-07T22:54:10.044054+00:00,2026-05-07T22:54:10.044058+00:00,2026-05-07T22:54:10.044102+00:00,6.301279626572648e-09,6.136832430555556e-09,1.2438112057128205e-08,0.000329,4,8.427243269580441e-10,8.207313888888889e-10,1.663455715846933e-09,4.4e-05,4
Ridge +NLP,8,0.0056192118906758,0.0749614026728143,0.0569058303316718,-0.0080995731387902,0.0003290176391601,4.744529724121094e-05,622,2026-05-07T22:54:10.044465+00:00,2026-05-07T22:54:10.044798+00:00,2026-05-07T22:54:10.044801+00:00,2026-05-07T22:54:10.044850+00:00,6.37789092902338e-09,6.211444375e-09,1.258933530402338e-08,0.000333,4,9.384884550214583e-10,9.139963194444445e-10,1.8524847744659028e-09,4.9e-05,4
Ridge,9,0.0056466009833184,0.0751438685676915,0.0572680197820301,-0.0130132395281212,0.0003197193145751,4.172325134277344e-05,622,2026-05-07T22:54:10.045241+00:00,2026-05-07T22:54:10.045564+00:00,2026-05-07T22:54:10.045567+00:00,2026-05-07T22:54:10.045610+00:00,6.186362672896551e-09,6.024914513888888e-09,1.2211277186785439e-08,0.000323,4,8.235715013453613e-10,8.020784027777777e-10,1.625649904123139e-09,4.3e-05,4
Ridge +NLP,9,0.0056192118906758,0.0749614026728143,0.0569058303316718,-0.0080995731387902,0.0003321170806884,4.291534423828125e-05,622,2026-05-07T22:54:10.045967+00:00,2026-05-07T22:54:10.046303+00:00,2026-05-07T22:54:10.046307+00:00,2026-05-07T22:54:10.046351+00:00,6.435349405861428e-09,6.2674033333333326e-09,1.270275273919476e-08,0.000336,4,8.427243269580441e-10,8.207313888888889e-10,1.663455715846933e-09,4.4e-05,4
Lasso,0,0.0055757864715771,0.0746711890328334,0.0596275896250298,-0.0003089527976389,0.0084080696105957,9.703636169433594e-05,622,2026-05-07T22:54:10.046718+00:00,2026-05-07T22:54:10.055130+00:00,2026-05-07T22:54:10.055137+00:00,2026-05-07T22:54:10.055238+00:00,1.611135690538879e-07,1.5690891916666667e-07,3.180224882205546e-07,0.008412,4,1.934435386880965e-09,1.8839515972222224e-09,3.8183869841031875e-09,0.000101,4
Lasso +NLP,0,0.0055757864715771,0.0746711890328334,0.0596275896250298,-0.0003089527976389,0.0004606246948242,6.198883056640625e-05,622,2026-05-07T22:54:10.055789+00:00,2026-05-07T22:54:10.056254+00:00,2026-05-07T22:54:10.056259+00:00,2026-05-07T22:54:10.056323+00:00,8.906063909897513e-09,8.673638541666667e-09,1.757970245156418e-08,0.000465,4,1.2257808392117007e-09,1.1937911111111112e-09,2.4195719503228117e-09,6.4e-05,4
Lasso,1,0.0055757864715771,0.0746711890328334,0.0596275896250298,-0.0003089527976389,0.00044846534729,6.29425048828125e-05,622,2026-05-07T22:54:10.056849+00:00,2026-05-07T22:54:10.057302+00:00,2026-05-07T22:54:10.057307+00:00,2026-05-07T22:54:10.057372+00:00,8.676230002545319e-09,8.449802708333333e-09,1.7126032710878652e-08,0.000453,4,1.2449336648243834e-09,1.2124440972222221e-09,2.4573777620466057e-09,6.5e-05,4
Lasso +NLP,1,0.0055757864715771,0.0746711890328334,0.0596275896250298,-0.0003089527976389,0.000457763671875,6.67572021484375e-05,622,2026-05-07T22:54:10.057874+00:00,2026-05-07T22:54:10.058336+00:00,2026-05-07T22:54:10.058341+00:00,2026-05-07T22:54:10.058410+00:00,8.848605433059465e-09,8.617679583333333e-09,1.7466285016392798e-08,0.000462,4,1.3215449672751148e-09,1.2870560416666666e-09,2.6086010089417817e-09,6.9e-05,4
Lasso,2,0.0055757864715771,0.0746711890328334,0.0596275896250298,-0.0003089527976389,0.0004630088806152,6.246566772460938e-05,622,2026-05-07T22:54:10.058955+00:00,2026-05-07T22:54:10.059422+00:00,2026-05-07T22:54:10.059427+00:00,2026-05-07T22:54:10.059492+00:00,8.944369561122878e-09,8.710944513888888e-09,1.7655314075011765e-08,0.000467,4,1.2449336648243834e-09,1.2124440972222221e-09,2.4573777620466057e-09,6.5e-05,4
Lasso +NLP,2,0.0055757864715771,0.0746711890328334,0.0596275896250298,-0.0003089527976389,0.0004620552062988,6.818771362304688e-05,622,2026-05-07T22:54:10.059999+00:00,2026-05-07T22:54:10.060466+00:00,2026-05-07T22:54:10.060470+00:00,2026-05-07T22:54:10.060541+00:00,8.944369561122878e-09,8.710944513888888e-09,1.7655314075011765e-08,0.000467,4,1.3598506185004805e-09,1.324362013888889e-09,2.6842126323893696e-09,7.1e-05,4
Lasso,3,0.0055757864715771,0.0746711890328334,0.0596275896250298,-0.0003089527976389,0.0004563331604003,6.198883056640625e-05,622,2026-05-07T22:54:10.061098+00:00,2026-05-07T22:54:10.061560+00:00,2026-05-07T22:54:10.061564+00:00,2026-05-07T22:54:10.061629+00:00,8.848605433059465e-09,8.617679583333333e-09,1.7466285016392798e-08,0.000462,4,1.2449336648243834e-09,1.2124440972222221e-09,2.4573777620466057e-09,6.5e-05,4
Lasso +NLP,3,0.0055757864715771,0.0746711890328334,0.0596275896250298,-0.0003089527976389,0.0004599094390869,6.723403930664062e-05,622,2026-05-07T22:54:10.062135+00:00,2026-05-07T22:54:10.062600+00:00,2026-05-07T22:54:10.062604+00:00,2026-05-07T22:54:10.062674+00:00,8.906063909897513e-09,8.673638541666667e-09,1.757970245156418e-08,0.000465,4,1.3406977928877973e-09,1.3057090277777777e-09,2.646406820665575e-09,7e-05,4
Lasso,4,0.0055757864715771,0.0746711890328334,0.0596275896250298,-0.0003089527976389,0.0004541873931884,6.103515625e-05,622,2026-05-07T22:54:10.063216+00:00,2026-05-07T22:54:10.063675+00:00,2026-05-07T22:54:10.063679+00:00,2026-05-07T22:54:10.063743+00:00,8.791146956221416e-09,8.561720625e-09,1.7352867581221416e-08,0.000459,4,1.2257808392117007e-09,1.1937911111111112e-09,2.4195719503228117e-09,6.4e-05,4
Lasso +NLP,4,0.0055757864715771,0.0746711890328334,0.0596275896250298,-0.0003089527976389,0.0004711151123046,6.461143493652344e-05,622,2026-05-07T22:54:10.064252+00:00,2026-05-07T22:54:10.064728+00:00,2026-05-07T22:54:10.064733+00:00,2026-05-07T22:54:10.064800+00:00,9.116744991637025e-09,8.87882138888889e-09,1.7995566380525917e-08,0.000476,4,1.2832393160497492e-09,1.2497500694444445e-09,2.5329893854941937e-09,6.7e-05,4
Lasso,5,0.0055757864715771,0.0746711890328334,0.0596275896250298,-0.0003089527976389,0.0004498958587646,6.151199340820312e-05,622,2026-05-07T22:54:10.065325+00:00,2026-05-07T22:54:10.065780+00:00,2026-05-07T22:54:10.065785+00:00,2026-05-07T22:54:10.065849+00:00,8.714535653770685e-09,8.487108680555556e-09,1.7201644334326243e-08,0.000455,4,1.2257808392117007e-09,1.1937911111111112e-09,2.4195719503228117e-09,6.4e-05,4
Lasso +NLP,5,0.0055757864715771,0.0746711890328334,0.0596275896250298,-0.0003089527976389,0.0004751682281494,6.341934204101562e-05,622,2026-05-07T22:54:10.066362+00:00,2026-05-07T22:54:10.066842+00:00,2026-05-07T22:54:10.066846+00:00,2026-05-07T22:54:10.066912+00:00,9.193356294087756e-09,8.953433333333334e-09,1.814678962742109e-08,0.00048,4,1.2640864904370665e-09,1.2310970833333336e-09,2.4951835737704e-09,6.6e-05,4
Lasso,6,0.0055757864715771,0.0746711890328334,0.0596275896250298,-0.0003089527976389,0.0004754066467285,6.508827209472656e-05,622,2026-05-07T22:54:10.067449+00:00,2026-05-07T22:54:10.067929+00:00,2026-05-07T22:54:10.067934+00:00,2026-05-07T22:54:10.068001+00:00,9.193356294087756e-09,8.953433333333334e-09,1.814678962742109e-08,0.00048,4,1.2832393160497492e-09,1.2497500694444445e-09,2.5329893854941937e-09,6.7e-05,4
Lasso +NLP,6,0.0055757864715771,0.0746711890328334,0.0596275896250298,-0.0003089527976389,0.0004675388336181,6.365776062011719e-05,622,2026-05-07T22:54:10.068534+00:00,2026-05-07T22:54:10.069006+00:00,2026-05-07T22:54:10.069010+00:00,2026-05-07T22:54:10.069076+00:00,9.040133689186291e-09,8.804209444444444e-09,1.7844343133630734e-08,0.000472,4,1.2640864904370665e-09,1.2310970833333336e-09,2.4951835737704e-09,6.6e-05,4
Lasso,7,0.0055757864715771,0.0746711890328334,0.0596275896250298,-0.0003089527976389,0.0004572868347167,6.365776062011719e-05,622,2026-05-07T22:54:10.069599+00:00,2026-05-07T22:54:10.070061+00:00,2026-05-07T22:54:10.070066+00:00,2026-05-07T22:54:10.070132+00:00,8.848605433059465e-09,8.617679583333333e-09,1.7466285016392798e-08,0.000462,4,1.2640864904370665e-09,1.2310970833333336e-09,2.4951835737704e-09,6.6e-05,4
Lasso +NLP,7,0.0055757864715771,0.0746711890328334,0.0596275896250298,-0.0003089527976389,0.000478982925415,6.341934204101562e-05,622,2026-05-07T22:54:10.070679+00:00,2026-05-07T22:54:10.071163+00:00,2026-05-07T22:54:10.071167+00:00,2026-05-07T22:54:10.071233+00:00,9.269967596538487e-09,9.028045277777777e-09,1.8298012874316262e-08,0.000484,4,1.2640864904370665e-09,1.2310970833333336e-09,2.4951835737704e-09,6.6e-05,4
Lasso,8,0.0055757864715771,0.0746711890328334,0.0596275896250298,-0.0003089527976389,0.0004692077636718,6.413459777832031e-05,622,2026-05-07T22:54:10.071779+00:00,2026-05-07T22:54:10.072253+00:00,2026-05-07T22:54:10.072258+00:00,2026-05-07T22:54:10.072325+00:00,9.078439340411659e-09,8.841515416666667e-09,1.7919954757078326e-08,0.000474,4,1.2832393160497492e-09,1.2497500694444445e-09,2.5329893854941937e-09,6.7e-05,4
Lasso +NLP,8,0.0055757864715771,0.0746711890328334,0.0596275896250298,-0.0003089527976389,0.0004692077636718,6.318092346191406e-05,622,2026-05-07T22:54:10.072870+00:00,2026-05-07T22:54:10.073344+00:00,2026-05-07T22:54:10.073348+00:00,2026-05-07T22:54:10.073414+00:00,9.078439340411659e-09,8.841515416666667e-09,1.7919954757078326e-08,0.000474,4,1.2640864904370665e-09,1.2310970833333336e-09,2.4951835737704e-09,6.6e-05,4
Lasso,9,0.0055757864715771,0.0746711890328334,0.0596275896250298,-0.0003089527976389,0.0004537105560302,6.29425048828125e-05,622,2026-05-07T22:54:10.073948+00:00,2026-05-07T22:54:10.074406+00:00,2026-05-07T22:54:10.074411+00:00,2026-05-07T22:54:10.074476+00:00,8.771994130608734e-09,8.54306763888889e-09,1.7315061769497625e-08,0.000458,4,1.2449336648243834e-09,1.2124440972222221e-09,2.4573777620466057e-09,6.5e-05,4
Lasso +NLP,9,0.0055757864715771,0.0746711890328334,0.0596275896250298,-0.0003089527976389,0.0004727840423583,6.866455078125e-05,622,2026-05-07T22:54:10.075011+00:00,2026-05-07T22:54:10.075489+00:00,2026-05-07T22:54:10.075493+00:00,2026-05-07T22:54:10.075565+00:00,9.15505064286239e-09,8.91612736111111e-09,1.80711780039735e-08,0.000478,4,1.3790034441131632e-09,1.343015e-09,2.722018444113163e-09,7.2e-05,4
Elastic Net,0,0.0055757864715771,0.0746711890328334,0.0596275896250298,-0.0003089527976389,0.0004754066467285,6.437301635742188e-05,622,2026-05-07T22:54:10.076131+00:00,2026-05-07T22:54:10.076612+00:00,2026-05-07T22:54:10.076616+00:00,2026-05-07T22:54:10.076683+00:00,9.212509119700438e-09,8.972086319444444e-09,1.818459543914488e-08,0.000481,4,1.2832393160497492e-09,1.2497500694444445e-09,2.5329893854941937e-09,6.7e-05,4
Elastic Net +NLP,0,0.0055757864715771,0.0746711890328334,0.0596275896250298,-0.0003089527976389,0.0004806518554687,6.699562072753906e-05,622,2026-05-07T22:54:10.077205+00:00,2026-05-07T22:54:10.077691+00:00,2026-05-07T22:54:10.077696+00:00,2026-05-07T22:54:10.077765+00:00,9.308273247763853e-09,9.06535125e-09,1.8373624497763854e-08,0.000486,4,1.3215449672751148e-09,1.2870560416666666e-09,2.6086010089417817e-09,6.9e-05,4
Elastic Net,1,0.0055757864715771,0.0746711890328334,0.0596275896250298,-0.0003089527976389,0.0004835128784179,6.604194641113281e-05,622,2026-05-07T22:54:10.078322+00:00,2026-05-07T22:54:10.078810+00:00,2026-05-07T22:54:10.078815+00:00,2026-05-07T22:54:10.078883+00:00,9.346578898989217e-09,9.102657222222222e-09,1.8449236121211438e-08,0.000488,4,1.3023921416624321e-09,1.2684030555555557e-09,2.5707951972179877e-09,6.8e-05,4
Elastic Net +NLP,1,0.0055757864715771,0.0746711890328334,0.0596275896250298,-0.0003089527976389,0.0005643367767333,8.058547973632812e-05,622,2026-05-07T22:54:10.079440+00:00,2026-05-07T22:54:10.080010+00:00,2026-05-07T22:54:10.080015+00:00,2026-05-07T22:54:10.080099+00:00,1.091711059922921e-08,1.0632202083333333e-08,2.1549312682562545e-08,0.00057,4,1.608837351465357e-09,1.5668508333333331e-09,3.17568818479869e-09,8.4e-05,4
Elastic Net,2,0.0055757864715771,0.0746711890328334,0.0596275896250298,-0.0003089527976389,0.0006341934204101,8.511543273925781e-05,622,2026-05-07T22:54:10.080802+00:00,2026-05-07T22:54:10.081442+00:00,2026-05-07T22:54:10.081448+00:00,2026-05-07T22:54:10.081537+00:00,1.2257808392117008e-08,1.1937911111111112e-08,2.419571950322812e-08,0.00064,4,1.704601479528771e-09,1.6601157638888887e-09,3.3647172434176597e-09,8.9e-05,4
Elastic Net +NLP,2,0.0055757864715771,0.0746711890328334,0.0596275896250298,-0.0003089527976389,0.0006570816040039,9.369850158691406e-05,622,2026-05-07T22:54:10.082254+00:00,2026-05-07T22:54:10.082917+00:00,2026-05-07T22:54:10.082924+00:00,2026-05-07T22:54:10.083021+00:00,1.2698323381208713e-08,1.2366929791666666e-08,2.506525317287538e-08,0.000663,4,1.8578240844302339e-09,1.8093396527777777e-09,3.6671637372080116e-09,9.7e-05,4
Elastic Net,3,0.0055757864715771,0.0746711890328334,0.0596275896250298,-0.0003089527976389,0.0006577968597412,9.226799011230467e-05,622,2026-05-07T22:54:10.083803+00:00,2026-05-07T22:54:10.084468+00:00,2026-05-07T22:54:10.084474+00:00,2026-05-07T22:54:10.084570+00:00,1.2736629032434077e-08,1.2404235763888892e-08,2.5140864796322967e-08,0.000665,4,1.8386712588175512e-09,1.7906866666666669e-09,3.629357925484218e-09,9.6e-05,4
Elastic Net +NLP,3,0.0055757864715771,0.0746711890328334,0.0596275896250298,-0.0003089527976389,0.0007247924804687,9.79900360107422e-05,622,2026-05-07T22:54:10.085333+00:00,2026-05-07T22:54:10.086064+00:00,2026-05-07T22:54:10.086072+00:00,2026-05-07T22:54:10.086174+00:00,1.4000715522871143e-08,1.3635332847222222e-08,2.7636048370093363e-08,0.000731,4,1.9535882124936478e-09,1.9026045833333333e-09,3.8561927958269815e-09,0.000102,4
Elastic Net,4,0.0055757864715771,0.0746711890328334,0.0596275896250298,-0.0003089527976389,0.0007121562957763,9.989738464355467e-05,622,2026-05-07T22:54:10.087024+00:00,2026-05-07T22:54:10.087743+00:00,2026-05-07T22:54:10.087750+00:00,2026-05-07T22:54:10.087854+00:00,1.3770881615518949e-08,1.341149701388889e-08,2.718237862940784e-08,0.000719,4,1.9918938637190136e-09,1.9399105555555555e-09,3.9318044192745695e-09,0.000104,4
Elastic Net +NLP,4,0.0055757864715771,0.0746711890328334,0.0596275896250298,-0.0003089527976389,0.0007660388946533,9.989738464355467e-05,622,2026-05-07T22:54:10.088713+00:00,2026-05-07T22:54:10.089487+00:00,2026-05-07T22:54:10.089494+00:00,2026-05-07T22:54:10.089598+00:00,1.4824287024216503e-08,1.4437411249999998e-08,2.92616982742165e-08,0.000774,4,1.9918938637190136e-09,1.9399105555555555e-09,3.9318044192745695e-09,0.000104,4
Elastic Net,5,0.0055757864715771,0.0746711890328334,0.0596275896250298,-0.0003089527976389,0.0007174015045166,0.0001022815704345,622,2026-05-07T22:54:10.090440+00:00,2026-05-07T22:54:10.091165+00:00,2026-05-07T22:54:10.091172+00:00,2026-05-07T22:54:10.091278+00:00,1.3885798569195046e-08,1.3523414930555554e-08,2.74092134997506e-08,0.000725,4,2.0301995149443794e-09,1.977216527777778e-09,4.0074160427221575e-09,0.000106,4
Elastic Net +NLP,5,0.0055757864715771,0.0746711890328334,0.0596275896250298,-0.0003089527976389,0.0007596015930175,9.72747802734375e-05,622,2026-05-07T22:54:10.092132+00:00,2026-05-07T22:54:10.092899+00:00,2026-05-07T22:54:10.092906+00:00,2026-05-07T22:54:10.093007+00:00,1.4690217244927724e-08,1.4306840347222222e-08,2.8997057592149947e-08,0.000767,4,1.934435386880965e-09,1.8839515972222224e-09,3.8183869841031875e-09,0.000101,4
Elastic Net,6,0.0055757864715771,0.0746711890328334,0.0596275896250298,-0.0003089527976389,0.0007174015045166,9.41753387451172e-05,622,2026-05-07T22:54:10.093845+00:00,2026-05-07T22:54:10.094569+00:00,2026-05-07T22:54:10.094576+00:00,2026-05-07T22:54:10.094674+00:00,1.3866645743582364e-08,1.3504761944444445e-08,2.737140768802681e-08,0.000724,4,1.8769769100429166e-09,1.827992638888889e-09,3.7049695489318056e-09,9.8e-05,4
Elastic Net +NLP,6,0.0055757864715771,0.0746711890328334,0.0596275896250298,-0.0003089527976389,0.0007746219635009,0.0001003742218017,622,2026-05-07T22:54:10.095524+00:00,2026-05-07T22:54:10.096307+00:00,2026-05-07T22:54:10.096314+00:00,2026-05-07T22:54:10.096418+00:00,1.4996662454730647e-08,1.4605288124999999e-08,2.9601950579730644e-08,0.000783,4,1.9918938637190136e-09,1.9399105555555555e-09,3.9318044192745695e-09,0.000104,4
Elastic Net,7,0.0055757864715771,0.0746711890328334,0.0596275896250298,-0.0003089527976389,0.0007545948028564,0.000101089477539,622,2026-05-07T22:54:10.097254+00:00,2026-05-07T22:54:10.098016+00:00,2026-05-07T22:54:10.098023+00:00,2026-05-07T22:54:10.098129+00:00,1.459445311686431e-08,1.4213575416666668e-08,2.8808028533530977e-08,0.000762,4,2.0301995149443794e-09,1.977216527777778e-09,4.0074160427221575e-09,0.000106,4
Elastic Net +NLP,7,0.0055757864715771,0.0746711890328334,0.0596275896250298,-0.0003089527976389,0.0007596015930175,0.0001001358032226,622,2026-05-07T22:54:10.098982+00:00,2026-05-07T22:54:10.099749+00:00,2026-05-07T22:54:10.099757+00:00,2026-05-07T22:54:10.099861+00:00,1.4690217244927724e-08,1.4306840347222222e-08,2.8997057592149947e-08,0.000767,4,1.9918938637190136e-09,1.9399105555555555e-09,3.9318044192745695e-09,0.000104,4
Elastic Net,8,0.0055757864715771,0.0746711890328334,0.0596275896250298,-0.0003089527976389,0.0007555484771728,0.0001008510589599,622,2026-05-07T22:54:10.100706+00:00,2026-05-07T22:54:10.101469+00:00,2026-05-07T22:54:10.101476+00:00,2026-05-07T22:54:10.101581+00:00,1.4613605942476993e-08,1.4232228402777776e-08,2.884583434525477e-08,0.000763,4,2.0110466893316967e-09,1.9585635416666667e-09,3.9696102309983635e-09,0.000105,4
Elastic Net +NLP,8,0.0055757864715771,0.0746711890328334,0.0596275896250298,-0.0003089527976389,0.0007491111755371,0.0001063346862792,622,2026-05-07T22:54:10.102434+00:00,2026-05-07T22:54:10.103190+00:00,2026-05-07T22:54:10.103197+00:00,2026-05-07T22:54:10.103307+00:00,1.4479536163188217e-08,1.4101657500000003e-08,2.858119366318822e-08,0.000756,4,2.1068108173951103e-09,2.0518284722222223e-09,4.1586392896173326e-09,0.00011,4
Elastic Net,9,0.0055757864715771,0.0746711890328334,0.0596275896250298,-0.0003089527976389,0.0007359981536865,9.679794311523438e-05,622,2026-05-07T22:54:10.104199+00:00,2026-05-07T22:54:10.104942+00:00,2026-05-07T22:54:10.104949+00:00,2026-05-07T22:54:10.105050+00:00,1.4230549430223335e-08,1.3859168680555556e-08,2.808971811077889e-08,0.000743,4,1.934435386880965e-09,1.8839515972222224e-09,3.8183869841031875e-09,0.000101,4
Elastic Net +NLP,9,0.0055757864715771,0.0746711890328334,0.0596275896250298,-0.0003089527976389,0.0011646747589111,0.0001060962677001,622,2026-05-07T22:54:10.105894+00:00,2026-05-07T22:54:10.107066+00:00,2026-05-07T22:54:10.107074+00:00,2026-05-07T22:54:10.107184+00:00,2.2447111618064273e-08,2.1861299722222228e-08,4.43084113402865e-08,0.001172,4,2.1068108173951103e-09,2.0518284722222223e-09,4.1586392896173326e-09,0.00011,4
XGBoost,0,0.0063158108845974,0.0794720761311638,0.057609066975558,-0.1330710392596195,0.182265043258667,0.0014646053314208,622,2026-05-07T22:54:10.108120+00:00,2026-05-07T22:54:10.290394+00:00,2026-05-07T22:54:10.290402+00:00,2026-05-07T22:54:10.291870+00:00,3.4910621357261485e-06,3.3999543904166665e-06,6.8910165261428155e-06,0.182274,4,2.8116347999418383e-08,2.7382583611111108e-08,5.549893161052949e-08,0.001468,4
XGBoost +NLP,0,0.0077171966299275,0.0878475761186818,0.0636265287804539,-0.3844828740783543,0.1246967315673828,0.0012402534484863,622,2026-05-07T22:54:10.292714+00:00,2026-05-07T22:54:10.417419+00:00,2026-05-07T22:54:10.417428+00:00,2026-05-07T22:54:10.418671+00:00,2.388453118029611e-06,2.326120632986111e-06,4.714573751015722e-06,0.124705,4,2.3806962236564745e-08,2.3185661736111112e-08,4.699262397267586e-08,0.001243,4
XGBoost,1,0.0063158108845974,0.0794720761311638,0.057609066975558,-0.1330710392596195,0.0752811431884765,0.000885009765625,622,2026-05-07T22:54:10.419525+00:00,2026-05-07T22:54:10.494815+00:00,2026-05-07T22:54:10.494824+00:00,2026-05-07T22:54:10.495712+00:00,1.4420162403788897e-06,1.4043833243055554e-06,2.846399564684445e-06,0.07529,4,1.7007709144062344e-08,1.6563851666666665e-08,3.3571560810729006e-08,0.000888,4
XGBoost +NLP,1,0.0077171966299275,0.0878475761186818,0.0636265287804539,-0.3844828740783543,0.0538296699523925,0.0006835460662841,622,2026-05-07T22:54:10.496503+00:00,2026-05-07T22:54:10.550341+00:00,2026-05-07T22:54:10.550349+00:00,2026-05-07T22:54:10.551035+00:00,1.031149825335618e-06,1.0042394662500002e-06,2.035389291585618e-06,0.053838,4,1.3138838370300417e-08,1.2795948472222222e-08,2.593478684252264e-08,0.000686,4
XGBoost,2,0.0063158108845974,0.0794720761311638,0.057609066975558,-0.1330710392596195,0.0371272563934326,0.0006053447723388,622,2026-05-07T22:54:10.551678+00:00,2026-05-07T22:54:10.588812+00:00,2026-05-07T22:54:10.588819+00:00,2026-05-07T22:54:10.589426+00:00,7.11221026301364e-07,6.9265998625e-07,1.403881012551364e-06,0.037134,4,1.1625765146898473e-08,1.1322362569444445e-08,2.2948127716342916e-08,0.000607,4
XGBoost +NLP,2,0.0077171966299275,0.0878475761186818,0.0636265287804539,-0.3844828740783543,0.0411765575408935,0.0006108283996582,622,2026-05-07T22:54:10.589992+00:00,2026-05-07T22:54:10.631174+00:00,2026-05-07T22:54:10.631181+00:00,2026-05-07T22:54:10.631794+00:00,7.887516643815041e-07,7.681672740277778e-07,1.5569189384092818e-06,0.041182,4,1.1740682100574572e-08,1.1434280486111113e-08,2.3174962586685686e-08,0.000613,4
XGBoost,3,0.0063158108845974,0.0794720761311638,0.057609066975558,-0.1330710392596195,0.0340018272399902,0.0006189346313476,622,2026-05-07T22:54:10.632387+00:00,2026-05-07T22:54:10.666395+00:00,2026-05-07T22:54:10.666402+00:00,2026-05-07T22:54:10.667023+00:00,6.513492934361174e-07,6.343507516666666e-07,1.285700045102784e-06,0.034008,4,1.1893904705476035e-08,1.1583504375000002e-08,2.3477409080476038e-08,0.000621,4
XGBoost +NLP,3,0.0077171966299275,0.0878475761186818,0.0636265287804539,-0.3844828740783543,0.0392727851867675,0.0005981922149658,622,2026-05-07T22:54:10.667638+00:00,2026-05-07T22:54:10.706917+00:00,2026-05-07T22:54:10.706925+00:00,2026-05-07T22:54:10.707526+00:00,7.523038372405686e-07,7.326706414583334e-07,1.484974478698902e-06,0.039279,4,1.1510848193222377e-08,1.1210444652777778e-08,2.2721292846000155e-08,0.000601,4
XGBoost,4,0.0063158108845974,0.0794720761311638,0.057609066975558,-0.1330710392596195,0.0336880683898925,0.0005745887756347,622,2026-05-07T22:54:10.708105+00:00,2026-05-07T22:54:10.741799+00:00,2026-05-07T22:54:10.741806+00:00,2026-05-07T22:54:10.742383+00:00,6.45335306193735e-07,6.284937140277778e-07,1.2738290202215129e-06,0.033694,4,1.1051180378517991e-08,1.0762772986111114e-08,2.1813953364629103e-08,0.000577,4
XGBoost +NLP,4,0.0077171966299275,0.0878475761186818,0.0636265287804539,-0.3844828740783543,0.0392773151397705,0.0005807876586914,622,2026-05-07T22:54:10.742927+00:00,2026-05-07T22:54:10.782210+00:00,2026-05-07T22:54:10.782217+00:00,2026-05-07T22:54:10.782800+00:00,7.523804485430194e-07,7.327452534027778e-07,1.4851257019457971e-06,0.039283,4,1.1166097332194086e-08,1.0874690902777779e-08,2.2040788234971867e-08,0.000583,4
XGBoost,5,0.0063158108845974,0.0794720761311638,0.057609066975558,-0.1330710392596195,0.0337755680084228,0.0005736351013183,622,2026-05-07T22:54:10.783390+00:00,2026-05-07T22:54:10.817172+00:00,2026-05-07T22:54:10.817178+00:00,2026-05-07T22:54:10.817754+00:00,6.470207548476512e-07,6.301351768055557e-07,1.277155931653207e-06,0.033782,4,1.1032027552905305e-08,1.074412e-08,2.1776147552905306e-08,0.000576,4
XGBoost +NLP,5,0.0077171966299275,0.0878475761186818,0.0636265287804539,-0.3844828740783543,0.0399868488311767,0.0005953311920166,622,2026-05-07T22:54:10.818281+00:00,2026-05-07T22:54:10.858274+00:00,2026-05-07T22:54:10.858281+00:00,2026-05-07T22:54:10.858878+00:00,7.659789547280241e-07,7.459888735416667e-07,1.511967828269691e-06,0.039993,4,1.1434236890771645e-08,1.1135832708333331e-08,2.2570069599104976e-08,0.000597,4
XGBoost,6,0.0063158108845974,0.0794720761311638,0.057609066975558,-0.1330710392596195,0.0339643955230712,0.0005881786346435,622,2026-05-07T22:54:10.859500+00:00,2026-05-07T22:54:10.893470+00:00,2026-05-07T22:54:10.893478+00:00,2026-05-07T22:54:10.894068+00:00,6.506214860628355e-07,6.336419381944445e-07,1.28426342425728e-06,0.03397,4,1.1300167111482867e-08,1.1005261805555557e-08,2.2305428917038425e-08,0.00059,4
XGBoost +NLP,6,0.0077171966299275,0.0878475761186818,0.0636265287804539,-0.3844828740783543,0.0393576622009277,0.0005900859832763,622,2026-05-07T22:54:10.894609+00:00,2026-05-07T22:54:10.933973+00:00,2026-05-07T22:54:10.933980+00:00,2026-05-07T22:54:10.934572+00:00,7.539318274176468e-07,7.342561452777778e-07,1.4881879726954246e-06,0.039364,4,1.133847276270823e-08,1.1042567777777778e-08,2.2381040540486006e-08,0.000592,4
XGBoost,7,0.0063158108845974,0.0794720761311638,0.057609066975558,-0.1330710392596195,0.0341155529022216,0.0005784034729003,622,2026-05-07T22:54:10.935168+00:00,2026-05-07T22:54:10.969289+00:00,2026-05-07T22:54:10.969297+00:00,2026-05-07T22:54:10.969877+00:00,6.535135627303506e-07,6.364585390972222e-07,1.2899721018275728e-06,0.034121,4,1.1108638855356036e-08,1.0818731944444445e-08,2.192737079980048e-08,0.00058,4
XGBoost +NLP,7,0.0077171966299275,0.0878475761186818,0.0636265287804539,-0.3844828740783543,0.0397801399230957,0.0005800724029541,622,2026-05-07T22:54:10.970421+00:00,2026-05-07T22:54:11.010207+00:00,2026-05-07T22:54:11.010214+00:00,2026-05-07T22:54:11.010796+00:00,7.620143198261989e-07,7.421277054166668e-07,1.5041420252428657e-06,0.039786,4,1.1146944506581404e-08,1.0856037916666667e-08,2.2002982423248073e-08,0.000582,4
XGBoost,8,0.0063158108845974,0.0794720761311638,0.057609066975558,-0.1330710392596195,0.0338492393493652,0.0005743503570556,622,2026-05-07T22:54:11.011360+00:00,2026-05-07T22:54:11.045215+00:00,2026-05-07T22:54:11.045221+00:00,2026-05-07T22:54:11.045797+00:00,7.510820784462136e-07,6.47747715e-07,1.3988297934462136e-06,0.033855,5,1.4285394092211322e-08,1.0673600000000002e-08,2.4958994092211325e-08,0.000576,4
XGBoost +NLP,8,0.0077171966299275,0.0878475761186818,0.0636265287804539,-0.3844828740783543,0.0411217212677001,0.0005948543548583,622,2026-05-07T22:54:11.046339+00:00,2026-05-07T22:54:11.087467+00:00,2026-05-07T22:54:11.087474+00:00,2026-05-07T22:54:11.088071+00:00,1.0200168198341444e-06,7.621246888888889e-07,1.7821415087230333e-06,0.041128,4,1.4806215751823191e-08,1.1062741666666666e-08,2.5868957418489857e-08,0.000597,4
XGBoost,9,0.0063158108845974,0.0794720761311638,0.057609066975558,-0.1330710392596195,0.0359630584716796,0.0005919933319091,622,2026-05-07T22:54:11.088669+00:00,2026-05-07T22:54:11.124639+00:00,2026-05-07T22:54:11.124647+00:00,2026-05-07T22:54:11.125241+00:00,8.920930998209051e-07,6.665440833333335e-07,1.5586371831542386e-06,0.03597,4,1.4731812657592927e-08,1.1007150000000002e-08,2.5738962657592928e-08,0.000594,4
XGBoost +NLP,9,0.0077171966299275,0.0878475761186818,0.0636265287804539,-0.3844828740783543,0.0424995422363281,0.0006022453308105,622,2026-05-07T22:54:11.125796+00:00,2026-05-07T22:54:11.168301+00:00,2026-05-07T22:54:11.168308+00:00,2026-05-07T22:54:11.168914+00:00,1.0541678400858373e-06,7.87641263888889e-07,1.8418091039747263e-06,0.042505,4,1.5029425034513994e-08,1.1229516666666666e-08,2.6258941701180658e-08,0.000606,4
LightGBM,0,0.0110409520048381,0.1050759344704494,0.0805031224506403,-0.9807722541291451,0.0807797908782959,0.0008025169372558,622,2026-05-07T22:54:11.169505+00:00,2026-05-07T22:54:11.250294+00:00,2026-05-07T22:54:11.250308+00:00,2026-05-07T22:54:11.251114+00:00,2.0036505265896885e-06,1.497065052777778e-06,3.5007155793674667e-06,0.080789,4,1.9989631316531816e-08,1.493562777777778e-08,3.492525909430959e-08,0.000806,4
LightGBM +NLP,0,0.0123286648759415,0.1110345211001585,0.0867426987667341,-1.2117909131405105,0.0235497951507568,0.0005486011505126,622,2026-05-07T22:54:11.251885+00:00,2026-05-07T22:54:11.275440+00:00,2026-05-07T22:54:11.275446+00:00,2026-05-07T22:54:11.275997+00:00,5.841882948646487e-07,4.3648723611111113e-07,1.02067553097576e-06,0.023555,4,1.3665368306959092e-08,1.021033611111111e-08,2.3875704418070204e-08,0.000551,4
LightGBM,1,0.0110409520048381,0.1050759344704494,0.0805031224506403,-0.9807722541291451,0.0229976177215576,0.0007679462432861,622,2026-05-07T22:54:11.276532+00:00,2026-05-07T22:54:11.299536+00:00,2026-05-07T22:54:11.299545+00:00,2026-05-07T22:54:11.300317+00:00,5.705229265576897e-07,4.2627690000000006e-07,9.967998265576898e-07,0.023004,4,1.9146396248588786e-08,1.430558888888889e-08,3.3451985137477675e-08,0.000772,4
LightGBM +NLP,1,0.0123286648759415,0.1110345211001585,0.0867426987667341,-1.2117909131405105,0.027350902557373,0.0006167888641357,622,2026-05-07T22:54:11.301351+00:00,2026-05-07T22:54:11.328712+00:00,2026-05-07T22:54:11.328721+00:00,2026-05-07T22:54:11.329340+00:00,6.78581020411448e-07,5.070145305555556e-07,1.1855955509670036e-06,0.027361,4,1.535183844284515e-08,1.1470413888888889e-08,2.6822252331734036e-08,0.000619,4
LightGBM,2,0.0110409520048381,0.1050759344704494,0.0805031224506403,-0.9807722541291451,0.0226247310638427,0.0005338191986083,622,2026-05-07T22:54:11.329947+00:00,2026-05-07T22:54:11.352578+00:00,2026-05-07T22:54:11.352584+00:00,2026-05-07T22:54:11.353120+00:00,5.612721418417265e-07,4.193650027777778e-07,9.806371446195043e-07,0.022631,4,1.3293352835807759e-08,9.932377777777778e-09,2.3225730613585537e-08,0.000536,4
LightGBM +NLP,2,0.0123286648759415,0.1110345211001585,0.0867426987667341,-1.2117909131405105,0.023653507232666,0.0005292892456054,622,2026-05-07T22:54:11.353633+00:00,2026-05-07T22:54:11.377292+00:00,2026-05-07T22:54:11.377298+00:00,2026-05-07T22:54:11.377830+00:00,5.86767602131298e-07,4.3841441388888896e-07,1.0251820160201868e-06,0.023659,4,1.3194148710167403e-08,9.858255555555558e-09,2.305240426572296e-08,0.000532,4
LightGBM,3,0.0110409520048381,0.1050759344704494,0.0805031224506403,-0.9807722541291451,0.0224690437316894,0.0005221366882324,622,2026-05-07T22:54:11.378342+00:00,2026-05-07T22:54:11.400816+00:00,2026-05-07T22:54:11.400822+00:00,2026-05-07T22:54:11.401346+00:00,5.573783799103424e-07,4.1645570555555556e-07,9.73834085465898e-07,0.022474,4,1.2995740458886691e-08,9.710011111111114e-09,2.2705751569997807e-08,0.000524,4
LightGBM +NLP,3,0.0123286648759415,0.1110345211001585,0.0867426987667341,-1.2117909131405105,0.023738145828247,0.0005335807800292,622,2026-05-07T22:54:11.401827+00:00,2026-05-07T22:54:11.425570+00:00,2026-05-07T22:54:11.425575+00:00,2026-05-07T22:54:11.426111+00:00,5.888508887697456e-07,4.399709805555556e-07,1.0288218693253011e-06,0.023743,4,1.3293352835807759e-08,9.932377777777778e-09,2.3225730613585537e-08,0.000536,4
LightGBM,4,0.0110409520048381,0.1050759344704494,0.0805031224506403,-0.9807722541291451,0.0225083827972412,0.0005202293395996,622,2026-05-07T22:54:11.426635+00:00,2026-05-07T22:54:11.449148+00:00,2026-05-07T22:54:11.449154+00:00,2026-05-07T22:54:11.449676+00:00,5.583456201353359e-07,4.171783972222222e-07,9.75524017357558e-07,0.022513,4,1.294613839606651e-08,9.67295e-09,2.2619088396066512e-08,0.000522,4
LightGBM +NLP,4,0.0123286648759415,0.1110345211001585,0.0867426987667341,-1.2117909131405105,0.0236587524414062,0.0005354881286621,622,2026-05-07T22:54:11.450174+00:00,2026-05-07T22:54:11.473838+00:00,2026-05-07T22:54:11.473844+00:00,2026-05-07T22:54:11.474382+00:00,5.868916072883485e-07,4.3850706666666673e-07,1.0253986739550154e-06,0.023664,4,1.3342954898627935e-08,9.969438888888889e-09,2.3312393787516826e-08,0.000538,4
LightGBM,5,0.0110409520048381,0.1050759344704494,0.0805031224506403,-0.9807722541291451,0.0225603580474853,0.0005176067352294,622,2026-05-07T22:54:11.474912+00:00,2026-05-07T22:54:11.497478+00:00,2026-05-07T22:54:11.497484+00:00,2026-05-07T22:54:11.498004+00:00,5.596600748000707e-07,4.181605166666667e-07,9.778205914667374e-07,0.022566,4,1.289653633324633e-08,9.635888888888889e-09,2.2532425222135217e-08,0.00052,4
LightGBM +NLP,5,0.0123286648759415,0.1110345211001585,0.0867426987667341,-1.2117909131405105,0.0236632823944091,0.0005288124084472,622,2026-05-07T22:54:11.498530+00:00,2026-05-07T22:54:11.522198+00:00,2026-05-07T22:54:11.522205+00:00,2026-05-07T22:54:11.522736+00:00,5.869908114139889e-07,4.3858118888888894e-07,1.0255720003028779e-06,0.023668,4,1.3169347678757312e-08,9.839725e-09,2.3009072678757313e-08,0.000531,4
LightGBM,6,0.0110409520048381,0.1050759344704494,0.0805031224506403,-0.9807722541291451,0.0228869915008544,0.0005252361297607,622,2026-05-07T22:54:11.523304+00:00,2026-05-07T22:54:11.546197+00:00,2026-05-07T22:54:11.546203+00:00,2026-05-07T22:54:11.546731+00:00,5.677700120711698e-07,4.2422000833333335e-07,9.919900204045031e-07,0.022893,4,1.3094944584527047e-08,9.784133333333335e-09,2.2879077917860384e-08,0.000528,4
LightGBM +NLP,6,0.0123286648759415,0.1110345211001585,0.0867426987667341,-1.2117909131405105,0.0238034725189209,0.0005316734313964,622,2026-05-07T22:54:11.547233+00:00,2026-05-07T22:54:11.571042+00:00,2026-05-07T22:54:11.571048+00:00,2026-05-07T22:54:11.571582+00:00,5.904877568428114e-07,4.4119399722222226e-07,1.0316817540650336e-06,0.023809,4,1.3243750772987581e-08,9.895316666666666e-09,2.313906743965425e-08,0.000534,4
LightGBM,7,0.0110409520048381,0.1050759344704494,0.0805031224506403,-0.9807722541291451,0.0227460861206054,0.000525951385498,622,2026-05-07T22:54:11.572135+00:00,2026-05-07T22:54:11.594888+00:00,2026-05-07T22:54:11.594894+00:00,2026-05-07T22:54:11.595422+00:00,5.642978676737574e-07,4.216257305555556e-07,9.85923598229313e-07,0.022753,4,1.3094944584527047e-08,9.784133333333335e-09,2.2879077917860384e-08,0.000528,4
LightGBM +NLP,7,0.0123286648759415,0.1110345211001585,0.0867426987667341,-1.2117909131405105,0.0235598087310791,0.0005295276641845,622,2026-05-07T22:54:11.595942+00:00,2026-05-07T22:54:11.619507+00:00,2026-05-07T22:54:11.619514+00:00,2026-05-07T22:54:11.620046+00:00,5.844363051787497e-07,4.3667254166666677e-07,1.0211088468454166e-06,0.023565,4,1.3194148710167403e-08,9.858255555555558e-09,2.305240426572296e-08,0.000532,4
LightGBM,8,0.0110409520048381,0.1050759344704494,0.0805031224506403,-0.9807722541291451,0.0226337909698486,0.0006642341613769,622,2026-05-07T22:54:11.620595+00:00,2026-05-07T22:54:11.643234+00:00,2026-05-07T22:54:11.643243+00:00,2026-05-07T22:54:11.643911+00:00,5.614705500930071e-07,4.195132472222222e-07,9.809837973152292e-07,0.022639,4,1.6567088981939518e-08,1.2378411111111112e-08,2.8945500093050632e-08,0.000668,4
LightGBM +NLP,8,0.0123286648759415,0.1110345211001585,0.0867426987667341,-1.2117909131405105,0.0237886905670166,0.0005257129669189,622,2026-05-07T22:54:11.644411+00:00,2026-05-07T22:54:11.668206+00:00,2026-05-07T22:54:11.668213+00:00,2026-05-07T22:54:11.668741+00:00,5.901405424030702e-07,4.4093456944444456e-07,1.0310751118475147e-06,0.023795,4,1.3094944584527047e-08,9.784133333333335e-09,2.2879077917860384e-08,0.000528,4
LightGBM,9,0.0110409520048381,0.1050759344704494,0.0805031224506403,-0.9807722541291451,0.0226571559906005,0.0005290508270263,622,2026-05-07T22:54:11.669278+00:00,2026-05-07T22:54:11.691940+00:00,2026-05-07T22:54:11.691947+00:00,2026-05-07T22:54:11.692478+00:00,5.620409738154393e-07,4.1993945000000006e-07,9.819804238154394e-07,0.022662,4,1.3169347678757312e-08,9.839725e-09,2.3009072678757313e-08,0.000531,4
LightGBM +NLP,9,0.0123286648759415,0.1110345211001585,0.0867426987667341,-1.2117909131405105,0.0237548351287841,0.0005230903625488,622,2026-05-07T22:54:11.693015+00:00,2026-05-07T22:54:11.716776+00:00,2026-05-07T22:54:11.716782+00:00,2026-05-07T22:54:11.717308+00:00,5.892973073351272e-07,4.4030453055555564e-07,1.0296018378906827e-06,0.023761,4,1.3045342521706867e-08,9.747072222222225e-09,2.2792414743929092e-08,0.000526,4
CatBoost,0,0.0064368851967803,0.0802302012759556,0.0647696532858233,-0.1547920501067352,0.1641230583190918,0.0003795623779296,622,2026-05-07T22:54:11.717890+00:00,2026-05-07T22:54:11.882021+00:00,2026-05-07T22:54:11.882029+00:00,2026-05-07T22:54:11.882411+00:00,4.0706180863693345e-06,3.041438613888889e-06,7.112056700258223e-06,0.164131,4,9.473993998654037e-09,7.0786722222222235e-09,1.655266622087626e-08,0.000382,4
CatBoost +NLP,0,0.0063986411687903,0.0799915068541049,0.0625201540251154,-0.1479309832806496,0.0559163093566894,0.0003235340118408,622,2026-05-07T22:54:11.883066+00:00,2026-05-07T22:54:11.938989+00:00,2026-05-07T22:54:11.938998+00:00,2026-05-07T22:54:11.939324+00:00,1.386948079546413e-06,1.0362842583333337e-06,2.423232337879747e-06,0.055923,4,8.085136239689049e-09,6.040961111111113e-09,1.4126097350800162e-08,0.000326,4
CatBoost,1,0.0061527598494626,0.0784395298906272,0.06329742831611,-0.1038193075012807,0.0540382862091064,0.0003159046173095,622,2026-05-07T22:54:11.940015+00:00,2026-05-07T22:54:11.994061+00:00,2026-05-07T22:54:11.994068+00:00,2026-05-07T22:54:11.994387+00:00,1.3403965435896755e-06,1.0015024055555556e-06,2.3418989491452313e-06,0.054046,4,7.911529019818424e-09,5.911247222222223e-09,1.3822776242040646e-08,0.000319,4
CatBoost +NLP,1,0.0056939578134588,0.07545831838478,0.0588608667124641,-0.0215091640774156,0.053790807723999,0.0003297328948974,622,2026-05-07T22:54:11.994993+00:00,2026-05-07T22:54:12.048791+00:00,2026-05-07T22:54:12.048797+00:00,2026-05-07T22:54:12.049129+00:00,1.1994483880039367e-06,1.0251926206666669e-06,2.2246410086706036e-06,0.053798,5,8.16616028334556e-09,6.7188730555555565e-09,1.4885033338901116e-08,0.000332,4
CatBoost,2,0.0058860007714515,0.0767202761429569,0.0620173754100887,-0.0559621136623986,0.0519943237304687,0.0003309249877929,622,2026-05-07T22:54:12.049772+00:00,2026-05-07T22:54:12.101775+00:00,2026-05-07T22:54:12.101783+00:00,2026-05-07T22:54:12.102116+00:00,1.2791109434181301e-06,1.0524143238194445e-06,2.331525267237575e-06,0.052003,4,8.19075715166889e-09,6.739110625000001e-09,1.492986777666889e-08,0.000333,4
CatBoost +NLP,2,0.0065824942310235,0.0811325719487774,0.0656697120606301,-0.1809146466774918,0.0583772659301757,0.0003304481506347,622,2026-05-07T22:54:12.102749+00:00,2026-05-07T22:54:12.161136+00:00,2026-05-07T22:54:12.161144+00:00,2026-05-07T22:54:12.161477+00:00,1.436137350794269e-06,1.181610967152778e-06,2.617748317947047e-06,0.058387,4,8.19075715166889e-09,6.739110625000001e-09,1.492986777666889e-08,0.000333,4
CatBoost,3,0.0065184229940577,0.0807367511983097,0.064791818670755,-0.1694201189941944,0.0524511337280273,0.0003156661987304,622,2026-05-07T22:54:12.162144+00:00,2026-05-07T22:54:12.214602+00:00,2026-05-07T22:54:12.214611+00:00,2026-05-07T22:54:12.214930+00:00,1.2903025185052452e-06,1.061622417916667e-06,2.3519249364219123e-06,0.052458,4,7.846400995142271e-09,6.4557846527777784e-09,1.430218564792005e-08,0.000319,4
CatBoost +NLP,3,0.0058589484592064,0.0765437682584706,0.0595758113480253,-0.0511088664531291,0.0516121387481689,0.0003204345703125,622,2026-05-07T22:54:12.215540+00:00,2026-05-07T22:54:12.267158+00:00,2026-05-07T22:54:12.267164+00:00,2026-05-07T22:54:12.267487+00:00,1.269641149113648e-06,1.0446228595833335e-06,2.314264008696982e-06,0.051618,4,7.94478846843559e-09,6.536734930555556e-09,1.4481523398991146e-08,0.000323,4
CatBoost,4,0.0063513683429925,0.0796954725376074,0.063578251395134,-0.1394501293041563,0.0502336025238037,0.0004138946533203,622,2026-05-07T22:54:12.268113+00:00,2026-05-07T22:54:12.318353+00:00,2026-05-07T22:54:12.318364+00:00,2026-05-07T22:54:12.318784+00:00,1.2357466645640993e-06,1.016735488888889e-06,2.252482153452988e-06,0.05024,4,1.03306846957986e-08,8.499779166666669e-09,1.8830463862465268e-08,0.00042,4
CatBoost +NLP,4,0.0061873893195577,0.0786599600785415,0.063042288341638,-0.1100319143045334,0.0534672737121582,0.0003201961517333,622,2026-05-07T22:54:12.319354+00:00,2026-05-07T22:54:12.372828+00:00,2026-05-07T22:54:12.372834+00:00,2026-05-07T22:54:12.373157+00:00,1.3152929367217487e-06,1.0821837884722224e-06,2.397476725193971e-06,0.053474,4,7.94478846843559e-09,6.536734930555556e-09,1.4481523398991146e-08,0.000323,4
CatBoost,5,0.0089623522532485,0.0946697008194728,0.0771722409180583,-0.6078666646850124,0.0505084991455078,0.0002968311309814,622,2026-05-07T22:54:12.373771+00:00,2026-05-07T22:54:12.424287+00:00,2026-05-07T22:54:12.424293+00:00,2026-05-07T22:54:12.424591+00:00,1.2425354002213384e-06,1.0223210580555557e-06,2.264856458276894e-06,0.050516,4,7.32986676035234e-09,6.030795694444445e-09,1.3360662454796784e-08,0.000298,4
CatBoost +NLP,5,0.0075912006435518,0.0871274964838988,0.0718667572000111,-0.3618789035298522,0.0540430545806884,0.0003554821014404,622,2026-05-07T22:54:12.425143+00:00,2026-05-07T22:54:12.479193+00:00,2026-05-07T22:54:12.479205+00:00,2026-05-07T22:54:12.479564+00:00,1.3294607328759867e-06,1.0938406284722224e-06,2.423301361348209e-06,0.05405,4,8.830275728075472e-09,7.265287430555557e-09,1.609556315863103e-08,0.000359,4
CatBoost,6,0.0067766300392847,0.0823202893537475,0.0654818891564358,-0.2157430584275061,0.0502469539642334,0.0003225803375244,622,2026-05-07T22:54:12.480171+00:00,2026-05-07T22:54:12.530425+00:00,2026-05-07T22:54:12.530433+00:00,2026-05-07T22:54:12.530758+00:00,1.236091020720626e-06,1.0170188148611113e-06,2.253109835581737e-06,0.050254,4,7.993982205082249e-09,6.577210069444444e-09,1.4571192274526694e-08,0.000325,4
CatBoost +NLP,6,0.0067252513457033,0.0820076298017648,0.0656030742675557,-0.2065256023010007,0.052229881286621,0.0003316402435302,622,2026-05-07T22:54:12.531347+00:00,2026-05-07T22:54:12.583589+00:00,2026-05-07T22:54:12.583594+00:00,2026-05-07T22:54:12.583928+00:00,1.2849895949474059e-06,1.0572511029166666e-06,2.3422406978640726e-06,0.052242,4,8.21535401999222e-09,6.7593481944444446e-09,1.4974702214436665e-08,0.000334,4
CatBoost,7,0.0067695291772636,0.0822771485727577,0.0687752440856726,-0.2144691474037483,0.05010986328125,0.0003390312194824,622,2026-05-07T22:54:12.584574+00:00,2026-05-07T22:54:12.634692+00:00,2026-05-07T22:54:12.634700+00:00,2026-05-07T22:54:12.635042+00:00,1.2327458466286532e-06,1.0142665054166669e-06,2.2470123520453202e-06,0.050118,4,8.412128966578862e-09,6.921248750000002e-09,1.5333377716578862e-08,0.000342,4
CatBoost +NLP,7,0.0061289384198231,0.0782875368102941,0.0642547660625425,-0.0995456880830605,0.0533118247985839,0.0003340244293212,622,2026-05-07T22:54:12.635790+00:00,2026-05-07T22:54:12.689111+00:00,2026-05-07T22:54:12.689119+00:00,2026-05-07T22:54:12.689456+00:00,1.3115296158682789e-06,1.0790874403472225e-06,2.3906170562155013e-06,0.053321,4,8.289144624962212e-09,6.82006090277778e-09,1.5109205527739992e-08,0.000337,4
CatBoost,8,0.006868266876619,0.0828750075512456,0.065577160757504,-0.2321829183932398,0.0518429279327392,0.0005116462707519,622,2026-05-07T22:54:12.690089+00:00,2026-05-07T22:54:12.741942+00:00,2026-05-07T22:54:12.741956+00:00,2026-05-07T22:54:12.742472+00:00,1.2754214131696308e-06,1.049378688402778e-06,2.3248001015724088e-06,0.051853,4,1.269198405483828e-08,1.0442585833333334e-08,2.3134569888171614e-08,0.000516,4
CatBoost +NLP,8,0.0062136486246966,0.0788266999480292,0.0648184069719263,-0.1147428942099819,0.0604908466339111,0.0003275871276855,622,2026-05-07T22:54:12.743643+00:00,2026-05-07T22:54:12.804146+00:00,2026-05-07T22:54:12.804154+00:00,2026-05-07T22:54:12.804484+00:00,1.4881843241664353e-06,1.2244336640972225e-06,2.7126179882636578e-06,0.060503,4,8.1169665466989e-09,6.678397916666668e-09,1.4795364463365568e-08,0.00033,4
CatBoost,9,0.0060073317282938,0.0775069785780213,0.0610445220197176,-0.0777291671533311,0.0515260696411132,0.0003695487976074,622,2026-05-07T22:54:12.805189+00:00,2026-05-07T22:54:12.856724+00:00,2026-05-07T22:54:12.856733+00:00,2026-05-07T22:54:12.857105+00:00,1.2675996090428115e-06,1.0429431413194446e-06,2.310542750362256e-06,0.051535,4,9.15003501627876e-09,7.528375833333334e-09,1.6678410849612094e-08,0.000372,4
CatBoost +NLP,9,0.006015236491137,0.0775579556920957,0.0627405225921557,-0.0791472998386728,0.0535085201263427,0.000340461730957,622,2026-05-07T22:54:12.857732+00:00,2026-05-07T22:54:12.911248+00:00,2026-05-07T22:54:12.911257+00:00,2026-05-07T22:54:12.911600+00:00,1.3163260051913284e-06,1.083033766388889e-06,2.3993597715802177e-06,0.053516,4,8.436725834902191e-09,6.9414863194444456e-09,1.5378212154346637e-08,0.000343,4
