model,seed,mse,rmse,mae,r2,train_time_s,infer_time_s,n_test_samples,wall_train_start_iso,wall_train_end_iso,wall_infer_start_iso,wall_infer_end_iso
Linear Regression,0,0.005647076821901055,0.0751470346846837,0.05725683789405425,-0.013098606067289298,0.0005831718444824219,6.222724914550781e-05,622,2026-05-07T22:54:10.014561+00:00,2026-05-07T22:54:10.015151+00:00,2026-05-07T22:54:10.015156+00:00,2026-05-07T22:54:10.015220+00:00
Linear Regression +NLP,0,0.0056205454800683785,0.07497029731879405,0.05689697068079405,-0.008338822151558789,0.0004799365997314453,4.553794860839844e-05,622,2026-05-07T22:54:10.015670+00:00,2026-05-07T22:54:10.016154+00:00,2026-05-07T22:54:10.016157+00:00,2026-05-07T22:54:10.016204+00:00
Linear Regression,1,0.005647076821901055,0.0751470346846837,0.05725683789405425,-0.013098606067289298,0.00037598609924316406,4.9591064453125e-05,622,2026-05-07T22:54:10.016632+00:00,2026-05-07T22:54:10.017012+00:00,2026-05-07T22:54:10.017016+00:00,2026-05-07T22:54:10.017067+00:00
Linear Regression +NLP,1,0.0056205454800683785,0.07497029731879405,0.05689697068079405,-0.008338822151558789,0.0004305839538574219,4.38690185546875e-05,622,2026-05-07T22:54:10.017449+00:00,2026-05-07T22:54:10.017883+00:00,2026-05-07T22:54:10.017886+00:00,2026-05-07T22:54:10.017931+00:00
Linear Regression,2,0.005647076821901055,0.0751470346846837,0.05725683789405425,-0.013098606067289298,0.00037479400634765625,4.458427429199219e-05,622,2026-05-07T22:54:10.018313+00:00,2026-05-07T22:54:10.018691+00:00,2026-05-07T22:54:10.018695+00:00,2026-05-07T22:54:10.018741+00:00
Linear Regression +NLP,2,0.0056205454800683785,0.07497029731879405,0.05689697068079405,-0.008338822151558789,0.0004360675811767578,4.506111145019531e-05,622,2026-05-07T22:54:10.019102+00:00,2026-05-07T22:54:10.019542+00:00,2026-05-07T22:54:10.019545+00:00,2026-05-07T22:54:10.019591+00:00
Linear Regression,3,0.005647076821901055,0.0751470346846837,0.05725683789405425,-0.013098606067289298,0.0003681182861328125,4.982948303222656e-05,622,2026-05-07T22:54:10.019951+00:00,2026-05-07T22:54:10.020322+00:00,2026-05-07T22:54:10.020326+00:00,2026-05-07T22:54:10.020377+00:00
Linear Regression +NLP,3,0.0056205454800683785,0.07497029731879405,0.05689697068079405,-0.008338822151558789,0.00042629241943359375,4.458427429199219e-05,622,2026-05-07T22:54:10.020759+00:00,2026-05-07T22:54:10.021189+00:00,2026-05-07T22:54:10.021192+00:00,2026-05-07T22:54:10.021238+00:00
Linear Regression,4,0.005647076821901055,0.0751470346846837,0.05725683789405425,-0.013098606067289298,0.00037384033203125,4.38690185546875e-05,622,2026-05-07T22:54:10.021607+00:00,2026-05-07T22:54:10.021985+00:00,2026-05-07T22:54:10.021988+00:00,2026-05-07T22:54:10.022034+00:00
Linear Regression +NLP,4,0.0056205454800683785,0.07497029731879405,0.05689697068079405,-0.008338822151558789,0.0004220008850097656,4.9591064453125e-05,622,2026-05-07T22:54:10.022389+00:00,2026-05-07T22:54:10.022815+00:00,2026-05-07T22:54:10.022818+00:00,2026-05-07T22:54:10.022869+00:00
Linear Regression,5,0.005647076821901055,0.0751470346846837,0.05725683789405425,-0.013098606067289298,0.00037360191345214844,4.1961669921875e-05,622,2026-05-07T22:54:10.023261+00:00,2026-05-07T22:54:10.023639+00:00,2026-05-07T22:54:10.023642+00:00,2026-05-07T22:54:10.023685+00:00
Linear Regression +NLP,5,0.0056205454800683785,0.07497029731879405,0.05689697068079405,-0.008338822151558789,0.00041794776916503906,4.482269287109375e-05,622,2026-05-07T22:54:10.024042+00:00,2026-05-07T22:54:10.024463+00:00,2026-05-07T22:54:10.024467+00:00,2026-05-07T22:54:10.024513+00:00
Linear Regression,6,0.005647076821901055,0.0751470346846837,0.05725683789405425,-0.013098606067289298,0.0003647804260253906,6.866455078125e-05,622,2026-05-07T22:54:10.024883+00:00,2026-05-07T22:54:10.025251+00:00,2026-05-07T22:54:10.025255+00:00,2026-05-07T22:54:10.025325+00:00
Linear Regression +NLP,6,0.0056205454800683785,0.07497029731879405,0.05689697068079405,-0.008338822151558789,0.0004258155822753906,5.1021575927734375e-05,622,2026-05-07T22:54:10.025717+00:00,2026-05-07T22:54:10.026147+00:00,2026-05-07T22:54:10.026151+00:00,2026-05-07T22:54:10.026203+00:00
Linear Regression,7,0.005647076821901055,0.0751470346846837,0.05725683789405425,-0.013098606067289298,0.0003669261932373047,4.2438507080078125e-05,622,2026-05-07T22:54:10.026618+00:00,2026-05-07T22:54:10.026989+00:00,2026-05-07T22:54:10.026992+00:00,2026-05-07T22:54:10.027036+00:00
Linear Regression +NLP,7,0.0056205454800683785,0.07497029731879405,0.05689697068079405,-0.008338822151558789,0.00041604042053222656,4.315376281738281e-05,622,2026-05-07T22:54:10.027395+00:00,2026-05-07T22:54:10.027815+00:00,2026-05-07T22:54:10.027818+00:00,2026-05-07T22:54:10.027863+00:00
Linear Regression,8,0.005647076821901055,0.0751470346846837,0.05725683789405425,-0.013098606067289298,0.0003643035888671875,4.363059997558594e-05,622,2026-05-07T22:54:10.028221+00:00,2026-05-07T22:54:10.028589+00:00,2026-05-07T22:54:10.028593+00:00,2026-05-07T22:54:10.028638+00:00
Linear Regression +NLP,8,0.0056205454800683785,0.07497029731879405,0.05689697068079405,-0.008338822151558789,0.000408172607421875,4.2438507080078125e-05,622,2026-05-07T22:54:10.029007+00:00,2026-05-07T22:54:10.029418+00:00,2026-05-07T22:54:10.029421+00:00,2026-05-07T22:54:10.029465+00:00
Linear Regression,9,0.005647076821901055,0.0751470346846837,0.05725683789405425,-0.013098606067289298,0.0003726482391357422,4.220008850097656e-05,622,2026-05-07T22:54:10.029838+00:00,2026-05-07T22:54:10.030215+00:00,2026-05-07T22:54:10.030218+00:00,2026-05-07T22:54:10.030262+00:00
Linear Regression +NLP,9,0.0056205454800683785,0.07497029731879405,0.05689697068079405,-0.008338822151558789,0.00040912628173828125,4.9114227294921875e-05,622,2026-05-07T22:54:10.030643+00:00,2026-05-07T22:54:10.031055+00:00,2026-05-07T22:54:10.031058+00:00,2026-05-07T22:54:10.031109+00:00
Ridge,0,0.005646600983318498,0.07514386856769152,0.05726801978203018,-0.013013239528121279,0.0004565715789794922,5.221366882324219e-05,622,2026-05-07T22:54:10.031506+00:00,2026-05-07T22:54:10.031966+00:00,2026-05-07T22:54:10.031970+00:00,2026-05-07T22:54:10.032024+00:00
Ridge +NLP,0,0.005619211890675819,0.07496140267281436,0.056905830331671826,-0.008099573138790284,0.00035691261291503906,5.507469177246094e-05,622,2026-05-07T22:54:10.032414+00:00,2026-05-07T22:54:10.032774+00:00,2026-05-07T22:54:10.032778+00:00,2026-05-07T22:54:10.032835+00:00
Ridge,1,0.005646600983318498,0.07514386856769152,0.05726801978203018,-0.013013239528121279,0.0003368854522705078,4.076957702636719e-05,622,2026-05-07T22:54:10.033288+00:00,2026-05-07T22:54:10.033628+00:00,2026-05-07T22:54:10.033631+00:00,2026-05-07T22:54:10.033674+00:00
Ridge +NLP,1,0.005619211890675819,0.07496140267281436,0.056905830331671826,-0.008099573138790284,0.0003409385681152344,4.3392181396484375e-05,622,2026-05-07T22:54:10.034021+00:00,2026-05-07T22:54:10.034365+00:00,2026-05-07T22:54:10.034368+00:00,2026-05-07T22:54:10.034413+00:00
Ridge,2,0.005646600983318498,0.07514386856769152,0.05726801978203018,-0.013013239528121279,0.00030803680419921875,4.649162292480469e-05,622,2026-05-07T22:54:10.034782+00:00,2026-05-07T22:54:10.035094+00:00,2026-05-07T22:54:10.035097+00:00,2026-05-07T22:54:10.035145+00:00
Ridge +NLP,2,0.005619211890675819,0.07496140267281436,0.056905830331671826,-0.008099573138790284,0.00032401084899902344,4.172325134277344e-05,622,2026-05-07T22:54:10.035529+00:00,2026-05-07T22:54:10.035857+00:00,2026-05-07T22:54:10.035859+00:00,2026-05-07T22:54:10.035902+00:00
Ridge,3,0.005646600983318498,0.07514386856769152,0.05726801978203018,-0.013013239528121279,0.0003209114074707031,4.220008850097656e-05,622,2026-05-07T22:54:10.036283+00:00,2026-05-07T22:54:10.036608+00:00,2026-05-07T22:54:10.036612+00:00,2026-05-07T22:54:10.036655+00:00
Ridge +NLP,3,0.005619211890675819,0.07496140267281436,0.056905830331671826,-0.008099573138790284,0.0003376007080078125,4.315376281738281e-05,622,2026-05-07T22:54:10.037011+00:00,2026-05-07T22:54:10.037352+00:00,2026-05-07T22:54:10.037356+00:00,2026-05-07T22:54:10.037401+00:00
Ridge,4,0.005646600983318498,0.07514386856769152,0.05726801978203018,-0.013013239528121279,0.00030493736267089844,4.076957702636719e-05,622,2026-05-07T22:54:10.037771+00:00,2026-05-07T22:54:10.038080+00:00,2026-05-07T22:54:10.038083+00:00,2026-05-07T22:54:10.038125+00:00
Ridge +NLP,4,0.005619211890675819,0.07496140267281436,0.056905830331671826,-0.008099573138790284,0.0003342628479003906,4.220008850097656e-05,622,2026-05-07T22:54:10.038482+00:00,2026-05-07T22:54:10.038821+00:00,2026-05-07T22:54:10.038824+00:00,2026-05-07T22:54:10.038868+00:00
Ridge,5,0.005646600983318498,0.07514386856769152,0.05726801978203018,-0.013013239528121279,0.0003170967102050781,5.53131103515625e-05,622,2026-05-07T22:54:10.039232+00:00,2026-05-07T22:54:10.039552+00:00,2026-05-07T22:54:10.039556+00:00,2026-05-07T22:54:10.039612+00:00
Ridge +NLP,5,0.005619211890675819,0.07496140267281436,0.056905830331671826,-0.008099573138790284,0.0003314018249511719,4.458427429199219e-05,622,2026-05-07T22:54:10.039993+00:00,2026-05-07T22:54:10.040328+00:00,2026-05-07T22:54:10.040331+00:00,2026-05-07T22:54:10.040377+00:00
Ridge,6,0.005646600983318498,0.07514386856769152,0.05726801978203018,-0.013013239528121279,0.00031638145446777344,4.076957702636719e-05,622,2026-05-07T22:54:10.040738+00:00,2026-05-07T22:54:10.041059+00:00,2026-05-07T22:54:10.041062+00:00,2026-05-07T22:54:10.041104+00:00
Ridge +NLP,6,0.005619211890675819,0.07496140267281436,0.056905830331671826,-0.008099573138790284,0.00033855438232421875,4.315376281738281e-05,622,2026-05-07T22:54:10.041460+00:00,2026-05-07T22:54:10.041802+00:00,2026-05-07T22:54:10.041805+00:00,2026-05-07T22:54:10.041850+00:00
Ridge,7,0.005646600983318498,0.07514386856769152,0.05726801978203018,-0.013013239528121279,0.0003116130828857422,5.054473876953125e-05,622,2026-05-07T22:54:10.042220+00:00,2026-05-07T22:54:10.042535+00:00,2026-05-07T22:54:10.042539+00:00,2026-05-07T22:54:10.042591+00:00
Ridge +NLP,7,0.005619211890675819,0.07496140267281436,0.056905830331671826,-0.008099573138790284,0.0003325939178466797,4.553794860839844e-05,622,2026-05-07T22:54:10.042973+00:00,2026-05-07T22:54:10.043309+00:00,2026-05-07T22:54:10.043312+00:00,2026-05-07T22:54:10.043359+00:00
Ridge,8,0.005646600983318498,0.07514386856769152,0.05726801978203018,-0.013013239528121279,0.00032591819763183594,4.267692565917969e-05,622,2026-05-07T22:54:10.043725+00:00,2026-05-07T22:54:10.044054+00:00,2026-05-07T22:54:10.044058+00:00,2026-05-07T22:54:10.044102+00:00
Ridge +NLP,8,0.005619211890675819,0.07496140267281436,0.056905830331671826,-0.008099573138790284,0.00032901763916015625,4.744529724121094e-05,622,2026-05-07T22:54:10.044465+00:00,2026-05-07T22:54:10.044798+00:00,2026-05-07T22:54:10.044801+00:00,2026-05-07T22:54:10.044850+00:00
Ridge,9,0.005646600983318498,0.07514386856769152,0.05726801978203018,-0.013013239528121279,0.0003197193145751953,4.172325134277344e-05,622,2026-05-07T22:54:10.045241+00:00,2026-05-07T22:54:10.045564+00:00,2026-05-07T22:54:10.045567+00:00,2026-05-07T22:54:10.045610+00:00
Ridge +NLP,9,0.005619211890675819,0.07496140267281436,0.056905830331671826,-0.008099573138790284,0.00033211708068847656,4.291534423828125e-05,622,2026-05-07T22:54:10.045967+00:00,2026-05-07T22:54:10.046303+00:00,2026-05-07T22:54:10.046307+00:00,2026-05-07T22:54:10.046351+00:00
Lasso,0,0.0055757864715771524,0.07467118903283348,0.059627589625029856,-0.00030895279763898387,0.008408069610595703,9.703636169433594e-05,622,2026-05-07T22:54:10.046718+00:00,2026-05-07T22:54:10.055130+00:00,2026-05-07T22:54:10.055137+00:00,2026-05-07T22:54:10.055238+00:00
Lasso +NLP,0,0.0055757864715771524,0.07467118903283348,0.059627589625029856,-0.00030895279763898387,0.00046062469482421875,6.198883056640625e-05,622,2026-05-07T22:54:10.055789+00:00,2026-05-07T22:54:10.056254+00:00,2026-05-07T22:54:10.056259+00:00,2026-05-07T22:54:10.056323+00:00
Lasso,1,0.0055757864715771524,0.07467118903283348,0.059627589625029856,-0.00030895279763898387,0.00044846534729003906,6.29425048828125e-05,622,2026-05-07T22:54:10.056849+00:00,2026-05-07T22:54:10.057302+00:00,2026-05-07T22:54:10.057307+00:00,2026-05-07T22:54:10.057372+00:00
Lasso +NLP,1,0.0055757864715771524,0.07467118903283348,0.059627589625029856,-0.00030895279763898387,0.000457763671875,6.67572021484375e-05,622,2026-05-07T22:54:10.057874+00:00,2026-05-07T22:54:10.058336+00:00,2026-05-07T22:54:10.058341+00:00,2026-05-07T22:54:10.058410+00:00
Lasso,2,0.0055757864715771524,0.07467118903283348,0.059627589625029856,-0.00030895279763898387,0.0004630088806152344,6.246566772460938e-05,622,2026-05-07T22:54:10.058955+00:00,2026-05-07T22:54:10.059422+00:00,2026-05-07T22:54:10.059427+00:00,2026-05-07T22:54:10.059492+00:00
Lasso +NLP,2,0.0055757864715771524,0.07467118903283348,0.059627589625029856,-0.00030895279763898387,0.0004620552062988281,6.818771362304688e-05,622,2026-05-07T22:54:10.059999+00:00,2026-05-07T22:54:10.060466+00:00,2026-05-07T22:54:10.060470+00:00,2026-05-07T22:54:10.060541+00:00
Lasso,3,0.0055757864715771524,0.07467118903283348,0.059627589625029856,-0.00030895279763898387,0.0004563331604003906,6.198883056640625e-05,622,2026-05-07T22:54:10.061098+00:00,2026-05-07T22:54:10.061560+00:00,2026-05-07T22:54:10.061564+00:00,2026-05-07T22:54:10.061629+00:00
Lasso +NLP,3,0.0055757864715771524,0.07467118903283348,0.059627589625029856,-0.00030895279763898387,0.00045990943908691406,6.723403930664062e-05,622,2026-05-07T22:54:10.062135+00:00,2026-05-07T22:54:10.062600+00:00,2026-05-07T22:54:10.062604+00:00,2026-05-07T22:54:10.062674+00:00
Lasso,4,0.0055757864715771524,0.07467118903283348,0.059627589625029856,-0.00030895279763898387,0.00045418739318847656,6.103515625e-05,622,2026-05-07T22:54:10.063216+00:00,2026-05-07T22:54:10.063675+00:00,2026-05-07T22:54:10.063679+00:00,2026-05-07T22:54:10.063743+00:00
Lasso +NLP,4,0.0055757864715771524,0.07467118903283348,0.059627589625029856,-0.00030895279763898387,0.0004711151123046875,6.461143493652344e-05,622,2026-05-07T22:54:10.064252+00:00,2026-05-07T22:54:10.064728+00:00,2026-05-07T22:54:10.064733+00:00,2026-05-07T22:54:10.064800+00:00
Lasso,5,0.0055757864715771524,0.07467118903283348,0.059627589625029856,-0.00030895279763898387,0.00044989585876464844,6.151199340820312e-05,622,2026-05-07T22:54:10.065325+00:00,2026-05-07T22:54:10.065780+00:00,2026-05-07T22:54:10.065785+00:00,2026-05-07T22:54:10.065849+00:00
Lasso +NLP,5,0.0055757864715771524,0.07467118903283348,0.059627589625029856,-0.00030895279763898387,0.00047516822814941406,6.341934204101562e-05,622,2026-05-07T22:54:10.066362+00:00,2026-05-07T22:54:10.066842+00:00,2026-05-07T22:54:10.066846+00:00,2026-05-07T22:54:10.066912+00:00
Lasso,6,0.0055757864715771524,0.07467118903283348,0.059627589625029856,-0.00030895279763898387,0.0004754066467285156,6.508827209472656e-05,622,2026-05-07T22:54:10.067449+00:00,2026-05-07T22:54:10.067929+00:00,2026-05-07T22:54:10.067934+00:00,2026-05-07T22:54:10.068001+00:00
Lasso +NLP,6,0.0055757864715771524,0.07467118903283348,0.059627589625029856,-0.00030895279763898387,0.00046753883361816406,6.365776062011719e-05,622,2026-05-07T22:54:10.068534+00:00,2026-05-07T22:54:10.069006+00:00,2026-05-07T22:54:10.069010+00:00,2026-05-07T22:54:10.069076+00:00
Lasso,7,0.0055757864715771524,0.07467118903283348,0.059627589625029856,-0.00030895279763898387,0.0004572868347167969,6.365776062011719e-05,622,2026-05-07T22:54:10.069599+00:00,2026-05-07T22:54:10.070061+00:00,2026-05-07T22:54:10.070066+00:00,2026-05-07T22:54:10.070132+00:00
Lasso +NLP,7,0.0055757864715771524,0.07467118903283348,0.059627589625029856,-0.00030895279763898387,0.00047898292541503906,6.341934204101562e-05,622,2026-05-07T22:54:10.070679+00:00,2026-05-07T22:54:10.071163+00:00,2026-05-07T22:54:10.071167+00:00,2026-05-07T22:54:10.071233+00:00
Lasso,8,0.0055757864715771524,0.07467118903283348,0.059627589625029856,-0.00030895279763898387,0.000469207763671875,6.413459777832031e-05,622,2026-05-07T22:54:10.071779+00:00,2026-05-07T22:54:10.072253+00:00,2026-05-07T22:54:10.072258+00:00,2026-05-07T22:54:10.072325+00:00
Lasso +NLP,8,0.0055757864715771524,0.07467118903283348,0.059627589625029856,-0.00030895279763898387,0.000469207763671875,6.318092346191406e-05,622,2026-05-07T22:54:10.072870+00:00,2026-05-07T22:54:10.073344+00:00,2026-05-07T22:54:10.073348+00:00,2026-05-07T22:54:10.073414+00:00
Lasso,9,0.0055757864715771524,0.07467118903283348,0.059627589625029856,-0.00030895279763898387,0.00045371055603027344,6.29425048828125e-05,622,2026-05-07T22:54:10.073948+00:00,2026-05-07T22:54:10.074406+00:00,2026-05-07T22:54:10.074411+00:00,2026-05-07T22:54:10.074476+00:00
Lasso +NLP,9,0.0055757864715771524,0.07467118903283348,0.059627589625029856,-0.00030895279763898387,0.00047278404235839844,6.866455078125e-05,622,2026-05-07T22:54:10.075011+00:00,2026-05-07T22:54:10.075489+00:00,2026-05-07T22:54:10.075493+00:00,2026-05-07T22:54:10.075565+00:00
Elastic Net,0,0.0055757864715771524,0.07467118903283348,0.059627589625029856,-0.00030895279763898387,0.0004754066467285156,6.437301635742188e-05,622,2026-05-07T22:54:10.076131+00:00,2026-05-07T22:54:10.076612+00:00,2026-05-07T22:54:10.076616+00:00,2026-05-07T22:54:10.076683+00:00
Elastic Net +NLP,0,0.0055757864715771524,0.07467118903283348,0.059627589625029856,-0.00030895279763898387,0.00048065185546875,6.699562072753906e-05,622,2026-05-07T22:54:10.077205+00:00,2026-05-07T22:54:10.077691+00:00,2026-05-07T22:54:10.077696+00:00,2026-05-07T22:54:10.077765+00:00
Elastic Net,1,0.0055757864715771524,0.07467118903283348,0.059627589625029856,-0.00030895279763898387,0.00048351287841796875,6.604194641113281e-05,622,2026-05-07T22:54:10.078322+00:00,2026-05-07T22:54:10.078810+00:00,2026-05-07T22:54:10.078815+00:00,2026-05-07T22:54:10.078883+00:00
Elastic Net +NLP,1,0.0055757864715771524,0.07467118903283348,0.059627589625029856,-0.00030895279763898387,0.0005643367767333984,8.058547973632812e-05,622,2026-05-07T22:54:10.079440+00:00,2026-05-07T22:54:10.080010+00:00,2026-05-07T22:54:10.080015+00:00,2026-05-07T22:54:10.080099+00:00
Elastic Net,2,0.0055757864715771524,0.07467118903283348,0.059627589625029856,-0.00030895279763898387,0.0006341934204101562,8.511543273925781e-05,622,2026-05-07T22:54:10.080802+00:00,2026-05-07T22:54:10.081442+00:00,2026-05-07T22:54:10.081448+00:00,2026-05-07T22:54:10.081537+00:00
Elastic Net +NLP,2,0.0055757864715771524,0.07467118903283348,0.059627589625029856,-0.00030895279763898387,0.0006570816040039062,9.369850158691406e-05,622,2026-05-07T22:54:10.082254+00:00,2026-05-07T22:54:10.082917+00:00,2026-05-07T22:54:10.082924+00:00,2026-05-07T22:54:10.083021+00:00
Elastic Net,3,0.0055757864715771524,0.07467118903283348,0.059627589625029856,-0.00030895279763898387,0.0006577968597412109,9.226799011230469e-05,622,2026-05-07T22:54:10.083803+00:00,2026-05-07T22:54:10.084468+00:00,2026-05-07T22:54:10.084474+00:00,2026-05-07T22:54:10.084570+00:00
Elastic Net +NLP,3,0.0055757864715771524,0.07467118903283348,0.059627589625029856,-0.00030895279763898387,0.00072479248046875,9.799003601074219e-05,622,2026-05-07T22:54:10.085333+00:00,2026-05-07T22:54:10.086064+00:00,2026-05-07T22:54:10.086072+00:00,2026-05-07T22:54:10.086174+00:00
Elastic Net,4,0.0055757864715771524,0.07467118903283348,0.059627589625029856,-0.00030895279763898387,0.0007121562957763672,9.989738464355469e-05,622,2026-05-07T22:54:10.087024+00:00,2026-05-07T22:54:10.087743+00:00,2026-05-07T22:54:10.087750+00:00,2026-05-07T22:54:10.087854+00:00
Elastic Net +NLP,4,0.0055757864715771524,0.07467118903283348,0.059627589625029856,-0.00030895279763898387,0.0007660388946533203,9.989738464355469e-05,622,2026-05-07T22:54:10.088713+00:00,2026-05-07T22:54:10.089487+00:00,2026-05-07T22:54:10.089494+00:00,2026-05-07T22:54:10.089598+00:00
Elastic Net,5,0.0055757864715771524,0.07467118903283348,0.059627589625029856,-0.00030895279763898387,0.0007174015045166016,0.00010228157043457031,622,2026-05-07T22:54:10.090440+00:00,2026-05-07T22:54:10.091165+00:00,2026-05-07T22:54:10.091172+00:00,2026-05-07T22:54:10.091278+00:00
Elastic Net +NLP,5,0.0055757864715771524,0.07467118903283348,0.059627589625029856,-0.00030895279763898387,0.0007596015930175781,9.72747802734375e-05,622,2026-05-07T22:54:10.092132+00:00,2026-05-07T22:54:10.092899+00:00,2026-05-07T22:54:10.092906+00:00,2026-05-07T22:54:10.093007+00:00
Elastic Net,6,0.0055757864715771524,0.07467118903283348,0.059627589625029856,-0.00030895279763898387,0.0007174015045166016,9.417533874511719e-05,622,2026-05-07T22:54:10.093845+00:00,2026-05-07T22:54:10.094569+00:00,2026-05-07T22:54:10.094576+00:00,2026-05-07T22:54:10.094674+00:00
Elastic Net +NLP,6,0.0055757864715771524,0.07467118903283348,0.059627589625029856,-0.00030895279763898387,0.0007746219635009766,0.00010037422180175781,622,2026-05-07T22:54:10.095524+00:00,2026-05-07T22:54:10.096307+00:00,2026-05-07T22:54:10.096314+00:00,2026-05-07T22:54:10.096418+00:00
Elastic Net,7,0.0055757864715771524,0.07467118903283348,0.059627589625029856,-0.00030895279763898387,0.0007545948028564453,0.0001010894775390625,622,2026-05-07T22:54:10.097254+00:00,2026-05-07T22:54:10.098016+00:00,2026-05-07T22:54:10.098023+00:00,2026-05-07T22:54:10.098129+00:00
Elastic Net +NLP,7,0.0055757864715771524,0.07467118903283348,0.059627589625029856,-0.00030895279763898387,0.0007596015930175781,0.00010013580322265625,622,2026-05-07T22:54:10.098982+00:00,2026-05-07T22:54:10.099749+00:00,2026-05-07T22:54:10.099757+00:00,2026-05-07T22:54:10.099861+00:00
Elastic Net,8,0.0055757864715771524,0.07467118903283348,0.059627589625029856,-0.00030895279763898387,0.0007555484771728516,0.00010085105895996094,622,2026-05-07T22:54:10.100706+00:00,2026-05-07T22:54:10.101469+00:00,2026-05-07T22:54:10.101476+00:00,2026-05-07T22:54:10.101581+00:00
Elastic Net +NLP,8,0.0055757864715771524,0.07467118903283348,0.059627589625029856,-0.00030895279763898387,0.0007491111755371094,0.00010633468627929688,622,2026-05-07T22:54:10.102434+00:00,2026-05-07T22:54:10.103190+00:00,2026-05-07T22:54:10.103197+00:00,2026-05-07T22:54:10.103307+00:00
Elastic Net,9,0.0055757864715771524,0.07467118903283348,0.059627589625029856,-0.00030895279763898387,0.0007359981536865234,9.679794311523438e-05,622,2026-05-07T22:54:10.104199+00:00,2026-05-07T22:54:10.104942+00:00,2026-05-07T22:54:10.104949+00:00,2026-05-07T22:54:10.105050+00:00
Elastic Net +NLP,9,0.0055757864715771524,0.07467118903283348,0.059627589625029856,-0.00030895279763898387,0.0011646747589111328,0.00010609626770019531,622,2026-05-07T22:54:10.105894+00:00,2026-05-07T22:54:10.107066+00:00,2026-05-07T22:54:10.107074+00:00,2026-05-07T22:54:10.107184+00:00
XGBoost,0,0.006315810884597497,0.0794720761311638,0.05760906697555807,-0.1330710392596195,0.182265043258667,0.0014646053314208984,622,2026-05-07T22:54:10.108120+00:00,2026-05-07T22:54:10.290394+00:00,2026-05-07T22:54:10.290402+00:00,2026-05-07T22:54:10.291870+00:00
XGBoost +NLP,0,0.007717196629927597,0.08784757611868182,0.0636265287804539,-0.38448287407835435,0.12469673156738281,0.0012402534484863281,622,2026-05-07T22:54:10.292714+00:00,2026-05-07T22:54:10.417419+00:00,2026-05-07T22:54:10.417428+00:00,2026-05-07T22:54:10.418671+00:00
XGBoost,1,0.006315810884597497,0.0794720761311638,0.05760906697555807,-0.1330710392596195,0.07528114318847656,0.000885009765625,622,2026-05-07T22:54:10.419525+00:00,2026-05-07T22:54:10.494815+00:00,2026-05-07T22:54:10.494824+00:00,2026-05-07T22:54:10.495712+00:00
XGBoost +NLP,1,0.007717196629927597,0.08784757611868182,0.0636265287804539,-0.38448287407835435,0.05382966995239258,0.0006835460662841797,622,2026-05-07T22:54:10.496503+00:00,2026-05-07T22:54:10.550341+00:00,2026-05-07T22:54:10.550349+00:00,2026-05-07T22:54:10.551035+00:00
XGBoost,2,0.006315810884597497,0.0794720761311638,0.05760906697555807,-0.1330710392596195,0.03712725639343262,0.0006053447723388672,622,2026-05-07T22:54:10.551678+00:00,2026-05-07T22:54:10.588812+00:00,2026-05-07T22:54:10.588819+00:00,2026-05-07T22:54:10.589426+00:00
XGBoost +NLP,2,0.007717196629927597,0.08784757611868182,0.0636265287804539,-0.38448287407835435,0.041176557540893555,0.0006108283996582031,622,2026-05-07T22:54:10.589992+00:00,2026-05-07T22:54:10.631174+00:00,2026-05-07T22:54:10.631181+00:00,2026-05-07T22:54:10.631794+00:00
XGBoost,3,0.006315810884597497,0.0794720761311638,0.05760906697555807,-0.1330710392596195,0.034001827239990234,0.0006189346313476562,622,2026-05-07T22:54:10.632387+00:00,2026-05-07T22:54:10.666395+00:00,2026-05-07T22:54:10.666402+00:00,2026-05-07T22:54:10.667023+00:00
XGBoost +NLP,3,0.007717196629927597,0.08784757611868182,0.0636265287804539,-0.38448287407835435,0.03927278518676758,0.0005981922149658203,622,2026-05-07T22:54:10.667638+00:00,2026-05-07T22:54:10.706917+00:00,2026-05-07T22:54:10.706925+00:00,2026-05-07T22:54:10.707526+00:00
XGBoost,4,0.006315810884597497,0.0794720761311638,0.05760906697555807,-0.1330710392596195,0.03368806838989258,0.0005745887756347656,622,2026-05-07T22:54:10.708105+00:00,2026-05-07T22:54:10.741799+00:00,2026-05-07T22:54:10.741806+00:00,2026-05-07T22:54:10.742383+00:00
XGBoost +NLP,4,0.007717196629927597,0.08784757611868182,0.0636265287804539,-0.38448287407835435,0.03927731513977051,0.0005807876586914062,622,2026-05-07T22:54:10.742927+00:00,2026-05-07T22:54:10.782210+00:00,2026-05-07T22:54:10.782217+00:00,2026-05-07T22:54:10.782800+00:00
XGBoost,5,0.006315810884597497,0.0794720761311638,0.05760906697555807,-0.1330710392596195,0.03377556800842285,0.0005736351013183594,622,2026-05-07T22:54:10.783390+00:00,2026-05-07T22:54:10.817172+00:00,2026-05-07T22:54:10.817178+00:00,2026-05-07T22:54:10.817754+00:00
XGBoost +NLP,5,0.007717196629927597,0.08784757611868182,0.0636265287804539,-0.38448287407835435,0.03998684883117676,0.0005953311920166016,622,2026-05-07T22:54:10.818281+00:00,2026-05-07T22:54:10.858274+00:00,2026-05-07T22:54:10.858281+00:00,2026-05-07T22:54:10.858878+00:00
XGBoost,6,0.006315810884597497,0.0794720761311638,0.05760906697555807,-0.1330710392596195,0.03396439552307129,0.0005881786346435547,622,2026-05-07T22:54:10.859500+00:00,2026-05-07T22:54:10.893470+00:00,2026-05-07T22:54:10.893478+00:00,2026-05-07T22:54:10.894068+00:00
XGBoost +NLP,6,0.007717196629927597,0.08784757611868182,0.0636265287804539,-0.38448287407835435,0.039357662200927734,0.0005900859832763672,622,2026-05-07T22:54:10.894609+00:00,2026-05-07T22:54:10.933973+00:00,2026-05-07T22:54:10.933980+00:00,2026-05-07T22:54:10.934572+00:00
XGBoost,7,0.006315810884597497,0.0794720761311638,0.05760906697555807,-0.1330710392596195,0.03411555290222168,0.0005784034729003906,622,2026-05-07T22:54:10.935168+00:00,2026-05-07T22:54:10.969289+00:00,2026-05-07T22:54:10.969297+00:00,2026-05-07T22:54:10.969877+00:00
XGBoost +NLP,7,0.007717196629927597,0.08784757611868182,0.0636265287804539,-0.38448287407835435,0.0397801399230957,0.0005800724029541016,622,2026-05-07T22:54:10.970421+00:00,2026-05-07T22:54:11.010207+00:00,2026-05-07T22:54:11.010214+00:00,2026-05-07T22:54:11.010796+00:00
XGBoost,8,0.006315810884597497,0.0794720761311638,0.05760906697555807,-0.1330710392596195,0.033849239349365234,0.0005743503570556641,622,2026-05-07T22:54:11.011360+00:00,2026-05-07T22:54:11.045215+00:00,2026-05-07T22:54:11.045221+00:00,2026-05-07T22:54:11.045797+00:00
XGBoost +NLP,8,0.007717196629927597,0.08784757611868182,0.0636265287804539,-0.38448287407835435,0.041121721267700195,0.0005948543548583984,622,2026-05-07T22:54:11.046339+00:00,2026-05-07T22:54:11.087467+00:00,2026-05-07T22:54:11.087474+00:00,2026-05-07T22:54:11.088071+00:00
XGBoost,9,0.006315810884597497,0.0794720761311638,0.05760906697555807,-0.1330710392596195,0.03596305847167969,0.0005919933319091797,622,2026-05-07T22:54:11.088669+00:00,2026-05-07T22:54:11.124639+00:00,2026-05-07T22:54:11.124647+00:00,2026-05-07T22:54:11.125241+00:00
XGBoost +NLP,9,0.007717196629927597,0.08784757611868182,0.0636265287804539,-0.38448287407835435,0.042499542236328125,0.0006022453308105469,622,2026-05-07T22:54:11.125796+00:00,2026-05-07T22:54:11.168301+00:00,2026-05-07T22:54:11.168308+00:00,2026-05-07T22:54:11.168914+00:00
LightGBM,0,0.011040952004838178,0.10507593447044941,0.08050312245064034,-0.9807722541291453,0.0807797908782959,0.0008025169372558594,622,2026-05-07T22:54:11.169505+00:00,2026-05-07T22:54:11.250294+00:00,2026-05-07T22:54:11.250308+00:00,2026-05-07T22:54:11.251114+00:00
LightGBM +NLP,0,0.01232866487594156,0.11103452110015857,0.08674269876673416,-1.2117909131405105,0.023549795150756836,0.0005486011505126953,622,2026-05-07T22:54:11.251885+00:00,2026-05-07T22:54:11.275440+00:00,2026-05-07T22:54:11.275446+00:00,2026-05-07T22:54:11.275997+00:00
LightGBM,1,0.011040952004838178,0.10507593447044941,0.08050312245064034,-0.9807722541291453,0.022997617721557617,0.0007679462432861328,622,2026-05-07T22:54:11.276532+00:00,2026-05-07T22:54:11.299536+00:00,2026-05-07T22:54:11.299545+00:00,2026-05-07T22:54:11.300317+00:00
LightGBM +NLP,1,0.01232866487594156,0.11103452110015857,0.08674269876673416,-1.2117909131405105,0.027350902557373047,0.0006167888641357422,622,2026-05-07T22:54:11.301351+00:00,2026-05-07T22:54:11.328712+00:00,2026-05-07T22:54:11.328721+00:00,2026-05-07T22:54:11.329340+00:00
LightGBM,2,0.011040952004838178,0.10507593447044941,0.08050312245064034,-0.9807722541291453,0.022624731063842773,0.0005338191986083984,622,2026-05-07T22:54:11.329947+00:00,2026-05-07T22:54:11.352578+00:00,2026-05-07T22:54:11.352584+00:00,2026-05-07T22:54:11.353120+00:00
LightGBM +NLP,2,0.01232866487594156,0.11103452110015857,0.08674269876673416,-1.2117909131405105,0.023653507232666016,0.0005292892456054688,622,2026-05-07T22:54:11.353633+00:00,2026-05-07T22:54:11.377292+00:00,2026-05-07T22:54:11.377298+00:00,2026-05-07T22:54:11.377830+00:00
LightGBM,3,0.011040952004838178,0.10507593447044941,0.08050312245064034,-0.9807722541291453,0.022469043731689453,0.0005221366882324219,622,2026-05-07T22:54:11.378342+00:00,2026-05-07T22:54:11.400816+00:00,2026-05-07T22:54:11.400822+00:00,2026-05-07T22:54:11.401346+00:00
LightGBM +NLP,3,0.01232866487594156,0.11103452110015857,0.08674269876673416,-1.2117909131405105,0.02373814582824707,0.0005335807800292969,622,2026-05-07T22:54:11.401827+00:00,2026-05-07T22:54:11.425570+00:00,2026-05-07T22:54:11.425575+00:00,2026-05-07T22:54:11.426111+00:00
LightGBM,4,0.011040952004838178,0.10507593447044941,0.08050312245064034,-0.9807722541291453,0.02250838279724121,0.0005202293395996094,622,2026-05-07T22:54:11.426635+00:00,2026-05-07T22:54:11.449148+00:00,2026-05-07T22:54:11.449154+00:00,2026-05-07T22:54:11.449676+00:00
LightGBM +NLP,4,0.01232866487594156,0.11103452110015857,0.08674269876673416,-1.2117909131405105,0.02365875244140625,0.0005354881286621094,622,2026-05-07T22:54:11.450174+00:00,2026-05-07T22:54:11.473838+00:00,2026-05-07T22:54:11.473844+00:00,2026-05-07T22:54:11.474382+00:00
LightGBM,5,0.011040952004838178,0.10507593447044941,0.08050312245064034,-0.9807722541291453,0.02256035804748535,0.0005176067352294922,622,2026-05-07T22:54:11.474912+00:00,2026-05-07T22:54:11.497478+00:00,2026-05-07T22:54:11.497484+00:00,2026-05-07T22:54:11.498004+00:00
LightGBM +NLP,5,0.01232866487594156,0.11103452110015857,0.08674269876673416,-1.2117909131405105,0.02366328239440918,0.0005288124084472656,622,2026-05-07T22:54:11.498530+00:00,2026-05-07T22:54:11.522198+00:00,2026-05-07T22:54:11.522205+00:00,2026-05-07T22:54:11.522736+00:00
LightGBM,6,0.011040952004838178,0.10507593447044941,0.08050312245064034,-0.9807722541291453,0.022886991500854492,0.0005252361297607422,622,2026-05-07T22:54:11.523304+00:00,2026-05-07T22:54:11.546197+00:00,2026-05-07T22:54:11.546203+00:00,2026-05-07T22:54:11.546731+00:00
LightGBM +NLP,6,0.01232866487594156,0.11103452110015857,0.08674269876673416,-1.2117909131405105,0.0238034725189209,0.0005316734313964844,622,2026-05-07T22:54:11.547233+00:00,2026-05-07T22:54:11.571042+00:00,2026-05-07T22:54:11.571048+00:00,2026-05-07T22:54:11.571582+00:00
LightGBM,7,0.011040952004838178,0.10507593447044941,0.08050312245064034,-0.9807722541291453,0.02274608612060547,0.0005259513854980469,622,2026-05-07T22:54:11.572135+00:00,2026-05-07T22:54:11.594888+00:00,2026-05-07T22:54:11.594894+00:00,2026-05-07T22:54:11.595422+00:00
LightGBM +NLP,7,0.01232866487594156,0.11103452110015857,0.08674269876673416,-1.2117909131405105,0.0235598087310791,0.0005295276641845703,622,2026-05-07T22:54:11.595942+00:00,2026-05-07T22:54:11.619507+00:00,2026-05-07T22:54:11.619514+00:00,2026-05-07T22:54:11.620046+00:00
LightGBM,8,0.011040952004838178,0.10507593447044941,0.08050312245064034,-0.9807722541291453,0.022633790969848633,0.0006642341613769531,622,2026-05-07T22:54:11.620595+00:00,2026-05-07T22:54:11.643234+00:00,2026-05-07T22:54:11.643243+00:00,2026-05-07T22:54:11.643911+00:00
LightGBM +NLP,8,0.01232866487594156,0.11103452110015857,0.08674269876673416,-1.2117909131405105,0.0237886905670166,0.0005257129669189453,622,2026-05-07T22:54:11.644411+00:00,2026-05-07T22:54:11.668206+00:00,2026-05-07T22:54:11.668213+00:00,2026-05-07T22:54:11.668741+00:00
LightGBM,9,0.011040952004838178,0.10507593447044941,0.08050312245064034,-0.9807722541291453,0.022657155990600586,0.0005290508270263672,622,2026-05-07T22:54:11.669278+00:00,2026-05-07T22:54:11.691940+00:00,2026-05-07T22:54:11.691947+00:00,2026-05-07T22:54:11.692478+00:00
LightGBM +NLP,9,0.01232866487594156,0.11103452110015857,0.08674269876673416,-1.2117909131405105,0.02375483512878418,0.0005230903625488281,622,2026-05-07T22:54:11.693015+00:00,2026-05-07T22:54:11.716776+00:00,2026-05-07T22:54:11.716782+00:00,2026-05-07T22:54:11.717308+00:00
CatBoost,0,0.006436885196780354,0.08023020127595563,0.06476965328582335,-0.15479205010673525,0.1641230583190918,0.0003795623779296875,622,2026-05-07T22:54:11.717890+00:00,2026-05-07T22:54:11.882021+00:00,2026-05-07T22:54:11.882029+00:00,2026-05-07T22:54:11.882411+00:00
CatBoost +NLP,0,0.0063986411687903194,0.07999150685410496,0.06252015402511547,-0.14793098328064969,0.05591630935668945,0.0003235340118408203,622,2026-05-07T22:54:11.883066+00:00,2026-05-07T22:54:11.938989+00:00,2026-05-07T22:54:11.938998+00:00,2026-05-07T22:54:11.939324+00:00
CatBoost,1,0.006152759849462611,0.07843952989062729,0.06329742831611004,-0.10381930750128077,0.054038286209106445,0.0003159046173095703,622,2026-05-07T22:54:11.940015+00:00,2026-05-07T22:54:11.994061+00:00,2026-05-07T22:54:11.994068+00:00,2026-05-07T22:54:11.994387+00:00
CatBoost +NLP,1,0.005693957813458834,0.07545831838478004,0.05886086671246419,-0.021509164077415655,0.05379080772399902,0.00032973289489746094,622,2026-05-07T22:54:11.994993+00:00,2026-05-07T22:54:12.048791+00:00,2026-05-07T22:54:12.048797+00:00,2026-05-07T22:54:12.049129+00:00
CatBoost,2,0.0058860007714515725,0.07672027614295697,0.06201737541008879,-0.05596211366239867,0.05199432373046875,0.00033092498779296875,622,2026-05-07T22:54:12.049772+00:00,2026-05-07T22:54:12.101775+00:00,2026-05-07T22:54:12.101783+00:00,2026-05-07T22:54:12.102116+00:00
CatBoost +NLP,2,0.006582494231023555,0.08113257194877749,0.06566971206063017,-0.1809146466774918,0.05837726593017578,0.0003304481506347656,622,2026-05-07T22:54:12.102749+00:00,2026-05-07T22:54:12.161136+00:00,2026-05-07T22:54:12.161144+00:00,2026-05-07T22:54:12.161477+00:00
CatBoost,3,0.006518422994057766,0.08073675119830973,0.06479181867075506,-0.1694201189941944,0.052451133728027344,0.00031566619873046875,622,2026-05-07T22:54:12.162144+00:00,2026-05-07T22:54:12.214602+00:00,2026-05-07T22:54:12.214611+00:00,2026-05-07T22:54:12.214930+00:00
CatBoost +NLP,3,0.00585894845920646,0.07654376825847066,0.05957581134802537,-0.051108866453129176,0.051612138748168945,0.0003204345703125,622,2026-05-07T22:54:12.215540+00:00,2026-05-07T22:54:12.267158+00:00,2026-05-07T22:54:12.267164+00:00,2026-05-07T22:54:12.267487+00:00
CatBoost,4,0.00635136834299255,0.07969547253760749,0.06357825139513405,-0.13945012930415635,0.05023360252380371,0.0004138946533203125,622,2026-05-07T22:54:12.268113+00:00,2026-05-07T22:54:12.318353+00:00,2026-05-07T22:54:12.318364+00:00,2026-05-07T22:54:12.318784+00:00
CatBoost +NLP,4,0.006187389319557749,0.07865996007854154,0.06304228834163804,-0.1100319143045334,0.0534672737121582,0.00032019615173339844,622,2026-05-07T22:54:12.319354+00:00,2026-05-07T22:54:12.372828+00:00,2026-05-07T22:54:12.372834+00:00,2026-05-07T22:54:12.373157+00:00
CatBoost,5,0.008962352253248504,0.09466970081947287,0.07717224091805835,-0.6078666646850124,0.05050849914550781,0.0002968311309814453,622,2026-05-07T22:54:12.373771+00:00,2026-05-07T22:54:12.424287+00:00,2026-05-07T22:54:12.424293+00:00,2026-05-07T22:54:12.424591+00:00
CatBoost +NLP,5,0.007591200643551812,0.08712749648389888,0.07186675720001116,-0.3618789035298522,0.05404305458068848,0.0003554821014404297,622,2026-05-07T22:54:12.425143+00:00,2026-05-07T22:54:12.479193+00:00,2026-05-07T22:54:12.479205+00:00,2026-05-07T22:54:12.479564+00:00
CatBoost,6,0.006776630039284719,0.08232028935374754,0.06548188915643584,-0.21574305842750618,0.0502469539642334,0.00032258033752441406,622,2026-05-07T22:54:12.480171+00:00,2026-05-07T22:54:12.530425+00:00,2026-05-07T22:54:12.530433+00:00,2026-05-07T22:54:12.530758+00:00
CatBoost +NLP,6,0.006725251345703316,0.08200762980176488,0.06560307426755578,-0.2065256023010007,0.052229881286621094,0.00033164024353027344,622,2026-05-07T22:54:12.531347+00:00,2026-05-07T22:54:12.583589+00:00,2026-05-07T22:54:12.583594+00:00,2026-05-07T22:54:12.583928+00:00
CatBoost,7,0.0067695291772636446,0.0822771485727577,0.06877524408567263,-0.21446914740374834,0.05010986328125,0.0003390312194824219,622,2026-05-07T22:54:12.584574+00:00,2026-05-07T22:54:12.634692+00:00,2026-05-07T22:54:12.634700+00:00,2026-05-07T22:54:12.635042+00:00
CatBoost +NLP,7,0.006128938419823159,0.07828753681029414,0.06425476606254257,-0.09954568808306052,0.053311824798583984,0.00033402442932128906,622,2026-05-07T22:54:12.635790+00:00,2026-05-07T22:54:12.689111+00:00,2026-05-07T22:54:12.689119+00:00,2026-05-07T22:54:12.689456+00:00
CatBoost,8,0.006868266876619019,0.08287500755124562,0.06557716075750407,-0.2321829183932398,0.05184292793273926,0.0005116462707519531,622,2026-05-07T22:54:12.690089+00:00,2026-05-07T22:54:12.741942+00:00,2026-05-07T22:54:12.741956+00:00,2026-05-07T22:54:12.742472+00:00
CatBoost +NLP,8,0.006213648624696633,0.07882669994802924,0.06481840697192633,-0.11474289420998196,0.06049084663391113,0.0003275871276855469,622,2026-05-07T22:54:12.743643+00:00,2026-05-07T22:54:12.804146+00:00,2026-05-07T22:54:12.804154+00:00,2026-05-07T22:54:12.804484+00:00
CatBoost,9,0.0060073317282938535,0.0775069785780213,0.06104452201971764,-0.07772916715333111,0.05152606964111328,0.0003695487976074219,622,2026-05-07T22:54:12.805189+00:00,2026-05-07T22:54:12.856724+00:00,2026-05-07T22:54:12.856733+00:00,2026-05-07T22:54:12.857105+00:00
CatBoost +NLP,9,0.006015236491137089,0.07755795569209575,0.06274052259215575,-0.07914729983867286,0.05350852012634277,0.00034046173095703125,622,2026-05-07T22:54:12.857732+00:00,2026-05-07T22:54:12.911248+00:00,2026-05-07T22:54:12.911257+00:00,2026-05-07T22:54:12.911600+00:00
